id,title,price,author,date_data,detail,producer
0, Go程序设计语言 机械工业出版社,¥55.30,"(美)艾伦 A.A.多诺万(Alan A.A.Donovan),(美)布莱恩 W", /2017-04-01,空,机械工业出版社
0, 深入浅出Go语言核心编程,¥71.50,张朝明、李奕锋、甘海彬, /2024-01-01,深入浅出Go语言的众多关键特性，并提供大量场景示例，对于刚接触或转型Go编程的读者是一本很友好的上手指南。 涉及内容新颖而广泛，包括语法结构、面向对象、并发编辑、上下文机制、网络编程、Go汇编以及流行框架等。 不仅讲解Go语言的编程方法与开发技巧，而且力图解读Go语言的设计思想，带领读者探究Go语言的本质。 三位作者都是一线长期使用Go语言的资深开发人，他们的经验是本书质量的保证，希望各位读者能通过阅读本书收获更多。,清华大学出版社
0, Go语言设计与实现,¥69.90,左书祺（@Draven）, /2021-11-01,1.新颖的学习方式，近200幅精美全彩技术配图，600多段精选源代码段，精炼的文字剖析，带你以不同的方式读懂Go源码，掌握Go底层原理 2.强大的读者口碑，本书基于“面向信仰编程”博客作者@Draven的开源电子书《Go语言设计与实现》，有30万读者追更，全网阅读量100万+ 3.难能可贵的阅读体验，全彩印刷、精美排版、封面选用特种纸、内文采用80g胶版纸 4.专业人士推荐，谢孟军、毛剑、万俊峰Kevin、张磊、无闻等业内人士力荐，大量读者热荐,人民邮电出版社
0, 深入理解Go并发编程：从原理到实践，看这本就够了,¥124.80,晁岳攀（@鸟窝）, /2023-11-01,空,电子工业出版社
0, Go语言实战,¥34.90,[美]威廉·肯尼迪（William Kennedy）布赖恩·克特森（Brian Ketelsen）埃里克·圣马丁（Erik St. Martin）, /2021-04-01,即便不处理类似可扩展的Web 并发或者实时性能等复杂的系统编程问题，应用程序开发也是一件非常困难的事情。尽管使用一些工具和框架也可以解决这些常见的问题，但Go 语言却以一种更加自然且高效的方式正确处理了这类问题。由谷歌公司开发的Go 语言，为在基础设施中非常依赖高性能服务的初创公司和大企业提供了足够的能力。 Go语言实战目标读者是已经有一定其他编程语言经验，想要开始学习Go 语言或者更深入了解Go 语言及其内部机制的中级开发 者。本书会提供一个专注、全面且符合习惯的视角。本书关注Go 语言的规范和实现，涉及的内容包括语法、Go 的类型系统、并发、通道和测试等主题。 Go语言实战 主要内容 ● Go语言规范和实现。 ● Go语言的类型系统。 ● Go语言的数据结构的内部实现。 ● 测试和基准测试。 Go语言实战假设读者是熟练使用其他语,人民邮电出版社
0, Go语言实战 go语言入门教程书籍go语言编程书籍go语言并发编程指南go语言程序设计Go语言入门教,¥54.40,威廉·肯尼迪等, /2021-04-01,Go语言领域极 具声望的技术专家力作！关注语言的规范和实现，为读者提供一个专注、全面且符合语言习惯的视角,人民邮电出版社
0, Go语言精进之路：从新手到高手的编程思想、方法和技巧（套装共2册）,¥119.90,,2024-06-02,空,机械工业出版社
0, Java从入门到精通（第7版）,¥43.10,明日科技, /2023-06-01,软件开发视频大讲堂 丛书是清华社计算机专业基础类零售图书畅销品牌之一。 （1）2008 2023年，丛书累计修订7次，销售400万册，深受广大程序员喜爱。 （2）4本荣获 全行业优畅销书 奖，1本荣获清华社 专业畅销书 一等奖，多数品种在全国计算机零售图书排行榜排行中名列前茅。 （3）实用、易懂、资源丰富，被数百所高校选为专业课教材。 《Java从入门到精通（第7版）》以长更新稳定版本JDK 19为基础，图书特点如下。 1. 学通Java只需要4步：基础知识 核心技术 高级应用 项目实战，符合认知规律。 2. 249集同步教学微课 强化实战训练 在线答疑，夯实基础，精准，有效，速练，适合自学。 3. 219个应用实例 149个编程训练 96个综合练习 2个项目案例，学习1小时，训练10小时，从入门到项目上线，真正成为Java高手。 4. 根据图书首页说明，扫描书中二维码，打开明日科技账,清华大学出版社
0, Go语言设计与实现ry,¥97.86,左书祺, /2021-11-01,空,人民邮电出版社
0, Go编程进阶实战：开发命令行应用、HTTP应用和gRPC应用,¥47.00,[澳]阿米特·萨哈（Amit Saha）著 贾玉彬 刘光磊 译 上海碳泽信息科技有限公司 审校, /2022-11-01,谷歌在2009年发布了Go编程语言，并于2012年发布了1.0版。Go语言具有强大的兼容性，一直用于编写可扩展的重量级程序(命令行应用程序、关键基础设施工具乃至大规模分布式系统)。凭借简单性、丰富的标准库和蓬勃发展的第三方软件包生态系统，Go语言成为软件开发人员的通用语言。 《Go编程进阶实战：开发命令行应用、HTTP应用和gRPC应用》将指导你使用 Go编程语言来构建健壮的、生产级别的应用程序。你将学到足够多的知识来构建命令行工具以及通过HTTP和gRPC通信的应用程序。,清华大学出版社
0, Go语言从入门到项目实践（超值版）,¥49.50,余建熙, /2022-07-01,读者对象 《Go语言从入门到项目实践：超值版》适合学习项目编程的初、中级程序员和希望精通Go语言开发技术的程序员阅读，同时还可供大中专院校和社会培训机构的师生及正在进行软件专业相关毕业设计的学生阅读。 本书特色 ★★练题库、水平测试，微信、手机多维模式信手拈来。 ★★案例源代码、教学课件、海量资源一样都不少。 ★★微信公众号、QQ群与读者互动。 ★★780套求职资源库、350个实例及源代码注释、4套电子书资源库、200道求职常见面试（笔试）真题与解析。 ★★提供教学资源库、求职资源库、面试资源库、笔试题库、案例资源库、项目资源库、软件开发模板库、上机实训手册、教学用PPT课件等。,清华大学出版社
0, Go程序设计语言,¥55.30,艾伦A. A. 多诺万, /2017-05-02,空,机械工业出版社
0, Go语言之路,¥79.00,李文周, /2023-11-01,空,电子工业出版社
0, Go语言设计与实现 左书祺 人民邮电出版社 【新华书店正版书籍】,¥69.90,左书祺, /2021-11-01,1.新颖的学习方式，近200幅精美全彩技术配图，600多段精选源代码段，精炼的文字剖析，带你以不同的方式读懂Go源码，掌握Go底层原理2.强大的读者口碑，本书基于“面向信仰编程”博客作者@Draven的开源电子书《Go语言设计与实现》，有30万读者追更，所有渠道阅读量100万 3.难能可贵的阅读体验，全彩印刷、精美排版、封面选用特种纸、内文采用80g胶版纸4.专业人士推荐，谢孟军、毛剑、万俊,人民邮电出版社
0, Go语言实战 go语言入门教程书籍go语言编程书籍go语言并发编程指南go语言程序设计Go语言入门教,¥34.80,威廉·肯尼迪, /2021-04-01,空,人民邮电出版社
0, Go并发编程实战（第2版）,¥53.00,郝林, /2017-04-01,国内知名Go语言技术布道者的再造之作 李响、谢孟军、刘奇、左玥、肖德时、Googol Lee、田琪等业内大咖倾心力捧 深入Go语言及其并发原理，挖出并发编程*实践，百样示例助你成为多核计算时代的Go程序高手,人民邮电出版社
0, Go专家编程(第2版),¥53.80,任洪彩|责编:陈晓猛, /2023-04-01,空,电子工业
0, Java核心技术 卷I：开发基础（原书第12版）,¥82.00,[美] 凯·S.霍斯特曼（Cay S.Horstmann）, /2022-06-01,●Java极具影响力世界名著，针对Java 17全面升级，新版涵盖了Java 17新特性； ●豆瓣9.5 高分，50位KOL联名推荐，Java入门霸主毫无争议，数百万Java开发者系统学习Java的优选书籍； ●数百个几乎可直接应用到开发实践中的示例代码全部免费下载； ●作者亲自为本书录制学习视频，对书中重点和难点一一讲解，相关资源可在B站 Java技术核心技术站 免费观看。,机械工业出版社
0, Go Web编程实战派――从入门到精通,¥63.80,廖显东, /2021-04-01,空,电子工业
0, Java核心技术 卷I 基础知识（原书第11版）,¥102.00,"［美］凯·S.霍斯特曼（Cay S. Horstmann） 著 林 琪,苏钰涵 等译", /2022-04-26,适读人群 ：使用Java技术进行实际项目开发的初-中级编程人员 【想了解Java se 17 新特性，请购买《Java核心技术（原书第12版）》】 伴随着Java的成长，《Java核心技术》从第1版到第10版一路走来，得到了广大Java程序设计人员的青睐，成为一本畅销不衰的Java经典图书。 2019年底，针对Java SE 9、10和11的，《Java核心技术》第11版新鲜出炉，这一版有了大幅的修订和更新，不仅补充了Java新版本的新特性，还对之前比较晦涩的部分做了删改，用更清晰明了的示例加以解释，特别是对内容结构做了调整，从而更有利于读者学习和应用。它将续写从前的辉煌，使人们能及时跟上Java前进的脚步。 本卷介绍Java语言和UI编程的基础知识的专业级详解，包括对象、泛型、集合、Lambda表达式、Swing设计、并发和函数式编程等。 要想了解有关Java SE 9、10和11的高级特性，包括企业特性,机械工业出版社
0, 极简Go：新手编程之道,¥29.50,关东升, /2023-08-01,教学资源 1. 微课视频 2. 程序代码 3. 开源工具 4. 教学课件 说明：关注 人工智能科学与技术 微信公众号，在 知识 资源下载 配书资源 菜单获取下载链接（或到清华大学出版社网站本书页面获取下载链接）。,清华大学出版社
0, Go程序设计语言（英文版）,¥57.00,艾伦, /2022-04-13,空,机械工业出版社
0, Go Web编程,¥54.10,[新加坡]郑兆雄（Sau Sheong Chang）, /2017-12-01,Go语言通过提供整洁快速的编译代码、垃圾回收、简单的并发Go模型以及丰富的标准库来满足人们对于可扩展、高性能Web 应用的需求，这种语言非常适用于编写微服务，又或者用于构建可扩展且可维护的系统。 本书将教读者运用现代化设计理念构建Go Web应用的方法。阅读本书能让读者学会如何通过依赖注入设计模式来编写测试替身，如何在Web应用中使用并发特性，还有如何在Web服务中创建以及处理JSON数据和XML数据。除此之外，读者还将学会如何尽可能地减少应用对外部框架的依赖，并了解大量与应用测试以及应用部署有关的有价值的生产技术。 本书主要内容 ● 基础知识。 ● 功能测试和基准测试。 ● 并发特性的使用方法。 ● 将应用部署到独立服务器、PaaS云端以及 Docker 的方法。 ● 大量提示、窍门以及技巧。 本书假设读者熟悉Go语言的基本语法并了解Web 开发,人民邮电出版社
0, Java图解创意编程：从菜鸟到互联网大厂之路,¥71.50,胡东锋, /2023-01-01,这是一本兼具趣味性、实用性、广泛性的好书，简直是编程小白的福音！ 一、深入浅出，用可视化项目让读者体验动手创造世界的编程成就感。 二、理论和工程相结合，在动手的同时夯实基础，让读者更直观地理解数据结构、算法、网络等计算机底层原理。 三、通过代码级别的讲解，让初学者有机会在自学过程中丰富自己的实战经验，接触到业界流行的技术框架，为未来实习和进入职场打下坚实基础。,清华大学出版社
0, Go程序设计语言（英文版）,¥79.00,艾伦, /2022-04-13,空,机械工业出版社
0, Java高并发核心编程 卷1（加强版）：NIO、Netty、Redis、ZooKeeper,¥66.20,尼恩、陈健、徐明冠、岳阳博, /2022-12-01,深入浅出地剖析了高并发IO的底层原理。 图文并茂地介绍了TCP、HTTP、WebSocket协议的核心原理。 细致深入地揭秘了Reactor高性能模式。 全面介绍了Netty框架，并完成单体IM、分布式IM的实战设计。 详尽地介绍了ZooKeeper、Redis的使用。,清华大学出版社
0, Effective Java中文版（原书第3版）,¥49.90,[美]约书亚·布洛克（Joshua Bloch）, /2024-03-01,空,人民邮电出版社
0, 企业级Go项目开发实战,¥96.70,孔令飞 著, /2023-01-31,（1）作者背景资深：作者是腾讯云技术专家，有超过7年的大型Go项目开发经验。 （2）内容得到验证：初稿源于极客时间专栏，超过25000人付费学习并好评，内容全面升级和补充。 （3）大厂经验总结：手把手教你互联网大厂Go项目开发经验和方法。 （4）内容抽丝剥茧：抽丝剥茧讲解Go项目开发全流程和涉及知识点，涵盖项目的设计、管理、开发、测试、部署全部环节。 （5）蕞佳实践设计：书中涉及大部分Go知识点，知识点都朝着蕞佳实践方向是设计，遵循Go 设计模式、Go 开发规范、Go 蕞佳实践、Go简洁架构，使用业界采纳度蕞高的Go包。 （6）提供项目源码：一个案例贯穿全书，提供可部署、可运行案例源码，可二次开发，可在生产中复用。 （7）知名专家推荐：极客邦科技创始人、腾讯云云原生产品总经理等专家联袂推荐。,机械工业出版社
0, Go语言编程实战,¥29.50,强彦 王军红, /2019-07-16,本书通过通俗易懂的语言，丰富多彩的实例，详细介绍用Go语言程序开发知识。书中提供了大量程序案例，配有注释，读者轻松领会Go程序开发精髓，快速提高开发技能。配套讲解视频，扫描书中二维码就可以观看视频，使学习变得更加轻松,清华大学出版社
0, Go语言底层原理剖析,¥49.40,郑建勋, /2021-08-01,空,电子工业
0, Java核心技术速学版（第3版）,¥49.90,[美]凯·S.霍斯特曼（Cay S. Horstmann）, /2024-04-01,1.经典Java作品《Java核心技术》的速学版本，降低学习门槛，帮助读者更容易学习Java，更快地把相关知识应用到实际工作中； 2.Java入门优选书籍，涵盖Java 8-Java 17的新特性，作者Java大神霍斯特曼； 3.快速切入主题，展示解决编程问题所需的核心知识，既扎实覆盖Java编程的基础知识，更独具匠心地带领读者探索和实践Java的诸多新特性； 4.提供丰富的示例，还给出了大量注释、提示和警告，这些都是作者实际经验的总结，对编程实践大有裨益。,人民邮电出版社
0, Java高并发核心编程 卷2（加强版）：多线程、锁、JMM、JUC、高并发设计模式,¥56.60,尼恩, /2022-11-01,深入浅出地剖析了多线程、线程池的底层原理。 结合线上项目经验，总结了IO密集型、CPU密集型线程池的线程数预估算法。 图文并茂地介绍了内置锁、JUC显式锁的核心原理和设计模式。 细致深入地揭秘了JMM内存模型。 全面介绍了JUC框架，并给出其核心组件的实战案例。 详尽地介绍了高并发设计模式的使用。,清华大学出版社
0, 深入理解Java虚拟机：JVM高级特性与实践（第3版）,¥88.30,周志明, /2019-12-15,（1） 互联网大厂面试核心知识点全覆盖 ！这本书值得所有Java技术人员读3遍，值得Java技术人员读3遍，值得读3遍！ （2）根据 JDK12和JDK 13 EA版本 全面更新，新增内容近50%，并对第2版中含糊、瑕疵和错误内容进行了修正。 （3）计算机图书领域的丰碑，累计印刷40次，销量超过 30万 册，两家网店评论数量超过100000条，内容近乎零差评。 （4）从 Java技术体系、自动内存管理、虚拟机执行子系统、程序编译与代码优化、高效并发 5个维度全面分析JVM。 （5）全书以 实战 为导向，通过大量与实际生产环境相结合的案例分析和展示了解决各种Java技术难题的方案和技巧。 （6）来自阿里、腾讯、微软、百度、滴滴、易宝支付、同盾科技、达观数据、易观国际、蘑菇街的10位专家高度评价并强烈推荐。,机械工业出版社
0, Java Web 从入门到项目实践（超值版）,¥39.90,聚慕课教育研发中心, /2019-05-29,读者对象：《JavaWeb从入门到项目实践（超值版）》适合Java Web开发技术的爱好者或初学者阅读，也适合有一定Java Web开发经验的人员阅读，还可供大中专院校及培训机构的老师、学生以及正在进行软件专业相关毕业设计的学生阅读。 ★★学网课、练题库、测水平，微信、手机、网站多维模式信手拈来。 ★★同步视频、案例源码、教学课件、海量资源、代码纠错器、在线课程一样都不少。 ★★微信公众号、QQ群、教学网站等多渠道互动服务读者。 ★★886套求职资源库、300例特效案例库、200道求职常见面试（笔试）真题与解析、132节同步微视频、100例常见面试（笔试）题库、60个经典案例库、40个项目案例库、7套电子书资源库。 ★★提供教学资源库、求职资源库、面试资源库、笔试题库、职业发展资源库、案例资源库、项目资源库、软件开发模板库、编程代码优化纠,清华大学出版社
0, Go Web编程 人民邮电出版社,¥55.30,(新加坡)郑兆雄(Sau Sheong Chang) 著;黄健宏 译, /2017-12-01,Go语言通过提供整洁快速的编译代码、垃圾回收、简单的并发Go模型以及丰富的标准库来满足人们对于可扩展、高性能Web 应用的需求，这种语言非常适用于编写微服务，又或者用于构建可扩展且可维护的系统。本书将教读者运用现代化设计理念构建Go Web应用的方法。阅读本书能让读者学会如何通过依赖注入设计模式来编写测试替身，如何在Web应用中使用并发特性，还有如何在Web服务中创建以及处理JSON数据和XML数据。除此之外，读者还将学会如何尽可能地减少应用对外部框架的依赖，并了解大量与应用测试以及应用部署有关的有价值的生产技术。本书主要内容● 基础知识。● 功能测试和基准测试。● 并发特性的使用方法。● 将应用部署到独立服务器、PaaS云端以及 Docker 的方法。● 大量提示、窍门以及技巧。本书假设读者熟悉Go语言的基本语法并了解Web 开发的一般,人民邮电出版社
0, Go语言开发实战（慕课版）本书由千锋教育为对GO语言感兴趣的初学者和爱好者量身定做 入门,¥54.40,, /2020-01-01,本书为对GO语言感兴趣的初学者和爱好者量身定做，从入门到精通。,人民邮电出版社
0, Go语言趣学指南 黄健宏译 go语言入门教程书籍 go程序设计语言实战编程学习笔记*级核心编程,¥51.75,[加] 内森?扬曼（Nathan Youngman） [英] 罗杰?佩珀（R, /2020-04-01,热门语言Go的入门书，学习过程充满乐趣，并能积累丰富的实战经验,人民邮电出版社
0, （预售）Go语言编程,¥36.75,许式伟 吕桂华 等编著, /2015-02-01,帮助读者迅速消除对Go语言的陌生感，深入了解Go语言的绝 佳作品,人民邮电出版社
0, Java入门+实战黄金组合套装(套装共两册),¥141.80,,2023-06-01,Java编程学习黄金搭档，从入门到实战一步到位！ 《Java从入门到精通（第7版）》：全面讲解Java基础和进阶知识，涵盖Java基础语法、面向对象、核心类库、多线程、网络通信等，配以大量实例，为您打下坚实的Java编程基础。累计销售90万册，读者评价： 内容全面，讲解清晰，视频教程生动易懂，非常适合Java初学者。 《Java项目开发全程实录（第5版）》：精选11个Java热门项目，涵盖基础应用、数据库应用和Web开发三大方向，让您在实践中掌握Java编程技巧，积累宝贵的实战经验。累计销售10万册，读者评价： 项目案例丰富，实战性强，让我对Java项目开发有了更深入的理解。 学习 Java入门 实战黄金组合套装 的优势： 1、从入门到实战无缝衔接：两本书内容衔接紧密，从基础语法到项目实战，让您轻松掌握Java编程的精髓。 2、快速积累项目实战经验：10多个实,清华大学出版社
0, Java网络爬虫精解与实践,¥44.50,张凯, /2024-11-01,《Java网络爬虫精解与实践》是一本旨在帮助读者使用Java开发高效网络爬虫系统的实用指南。深入剖析开源爬虫框架，掌握Web数据采集、解析和提取，验证码生成和识别，以及分布式网络爬虫架构设计等关键知识。覆盖手机APP通信抓包、逆向分析等技术，掌握基于手机APP的数据采集。最后，搭建完整的招聘领域网络爬虫系统，自动解析招聘信息，与搜索和推荐系统集成。《Java网络爬虫精解与实践》实用性强，提供丰富示例代码，适合IT从业者、开发人员、培训机构及教学使用。无论您是深入学习网络爬虫或初学者，《Java网络爬虫精解与实践》将带您踏上精彩的学习之旅，提升数据爬取和处理能力。,清华大学出版社
0, Java+Spring Boot企业级Web开发通关(套装共两册),¥149.70,,2023-06-01,Python编程自学：从入门到项目实战套装 包含两本图书，一本快速入门，一本就业实战，两本书相辅相成，帮助读者从初学Python到入职就业，一套书就够。 《Python从入门到精通（第3版）》：全面讲解Python基础和进阶知识，涵盖Python语言基础、正则表达式、函数、面向对象、模块、文件操作、数据库、游戏、爬虫、Web开发、办公自动化等知识，并配备了高清视频讲解，让你轻松掌握Python核心技术，为项目开发打下坚实基础。 《Python项目开发全程实录》：精选12个Python热点项目，涵盖Python基础开发、游戏开发、网络爬虫、大数据及可视化分析、Web开发、人工智能开发六大方向，带你体验软件开发的完整过程，积累丰富的项目经验，为求职就业点亮方向。 选择这套套装，你将获得： （1）系统全面的Python编程知识。 （2）丰富的项目实战经验。 （3）解决问题的能,清华大学出版社
0, Go语言从入门到进阶实战 内容实用 上手容易 实用技术大全 多媒体课件 源代码视频等配套资源丰富。,¥63.84,谢琼, /2021-02-01,Go语言从入门到进阶实战，内容实用，上手容易，实用技术大全，多媒体课件、源代码、视频等配套资源丰富。,人民邮电出版社
0, Go语言从基础到中台微服务实战开发,¥39.40,编者:朱著显//郑敦庄, /2021-06-01,空,中国水利水电
0, Go语言从入门到进阶实战 徐波 著 机械工业出版社【达额立减】,¥49.50,徐波 著, /2018-06-01,适读人群 ：Go语言入门读者、Go语言进阶读者、编程爱好者等 资深程序员、慕课网特邀讲师分享多年的Go语言开发经验详解Go语法及开发技巧，深度剖析开源网络库cell的设计和架构思想100分钟配套教学视频、72个开发实例精讲用浅显易懂的语言讲解，不让读者有云山雾罩的感觉用大量实例带领读者学习，让读者在实际动手中提高编程水平给出了大量的“避坑”技巧，让读者在实际开发中少走弯路实例来自于作者多年的口述教学和技术分享会，广受业界好评每个实例程序都精心设计，让Go语言学习者大呼过瘾本书内容速览：初识Go语言Go语言基本语法与使用容器：存储和组织数据的方式流程控制函数（function）结构体（struct）接口（interface）包（package）并发反射编译与工具“避坑”与技巧实战演练——剖析cell网络库设计并实现Socket聊天功能,机械工业出版社
0, Go专家编程/华为云原生技术丛书,¥53.80,任洪彩|责编:陈晓猛, /2020-07-01,空,电子工业
0, Java从入门到精通 第七版+EffectiveJava中文版 原书第3版,¥189.60,明日科技,,空,清华大学出版社
0, Java语言程序设计实用教程（第二版）,¥46.60,"周长玉,彭文,王素琴", /2024-10-08,"双色排版,提供慕课视频,丰富案例,扩展资源,课后习题,思维导图",中国电力出版社
0, Go Web编程 (新加坡)郑兆雄(Sau Sheong Chang) 著;黄健宏 译 人民邮电出版社 【新华书店正版书,¥54.80,(新加坡)郑兆雄(Sau Sheong Chang) 著;黄健宏 译, /2017-12-01,空,人民邮电出版社
0, Go语言*级编程 柴树杉曹春辉著 go语言进阶实战 CGO编程web编程书 云计算云存储区块链时代重,¥45.50,柴树杉 曹春晖, /2019-07-01,一本能满足Gopher好奇心的Go语言进阶读物，汇集了作者多年来学习和使用Go语言的经验，更倾向于描述实现细节，极大地满足开发者的探索欲望,人民邮电出版社
0, Go语言高级开发与实战,¥119.00,,2024-05-01,空,机械工业出版社
0, Java+OpenCV案例佳作选,¥29.50,姚利民, /2024-03-01,本书包括十余个有趣而实用的案例，通过案例教学帮助读者熟悉OpenCV各算法的综合运用，以期达到融会贯通之境界。 超级实用 精选的十余个案例都非常实用，如魔方图案识别、答题卡评分、围棋盘面识别、车牌定位与识别、银行卡卡号识别等。 趣味性强 兴趣是最好的老师。 生动有趣的案例将极大地激发学习的兴趣。 超细讲解 不但将实现过程拆细精讲，还讲述算法原理及算法之间的衔接，帮助读者融会贯通。 全程图解 从原理讲解到各步骤的实现效果，全程配图一看就懂。 模块编程 采用模块化编程方式，一个模块实现一个功能，不少模块可原封不动地搬到其他项目直接调用。,清华大学出版社
0, Java项目开发实战（微视频版）,¥42.70,陈强, /2024-05-01,《Java项目开发实战（微视频版）》的特色如下： 实践项目案例：通过深入的项目案例分析，读者将了解项目开发中的关键问题、挑战和解决方案，帮助读者将理论知识转化为实际操作技能。 多领域跨行业：本书覆盖了多个领域和行业的项目案例，涉及不同的编程概念和技术。通过完成这些项目，读者将能够综合运用所学的知识，培养解决问题的能力，了解不同场景下的项目开发特点。 实用技巧分享：作者结合自身丰富的项目经验，分享了大量实用的项目开发技巧和经验，帮助读者更高效地完成项目开发工作。 配书资源丰富：本书不仅提供了书中实例的源代码，还录制了所有项目的讲解视频。读者可以扫码获取这些资源，提高学习效率。,清华大学出版社
0, Go程序设计语言(英文版)/经典原版书库 (美)艾伦A.A.多诺万//布莱恩W.柯尼汉 机械工业 【新华书店正版书籍】,¥44.44,(美)艾伦A.A.多诺万//布莱恩W.柯尼汉, /2016-01-01,空,机械工业
0, Go语言定制指南,¥62.30,"柴树杉,史斌,丁尔男", /2022-04-01,空,人民邮电出版社
0, Java工程师三件套（Java入门+Java实战+MySQL）（套装共三册）,¥212.80,,2023-06-01,空,清华大学出版社
0, 用Go语言自制编译器,¥77.80,索斯藤·鲍尔, /2022-06-01,空,人民邮电出版社
0, 官方 Go程序开发实战宝典 猿媛之家 穆旭东 谭庆丰 楚秦 Go语言入门基础 计算机编程技术书籍,¥109.00,,2024-05-01,空,机械工业出版社
0, Java项目开发全程实录（第5版）,¥43.10,明日科技, /2024-09-01,软件项目开发全程实录 丛书是清华社计算机专业零售图书畅销品牌之一。 （1）丛书定位项目开发实战，面向实际开发应用，精选当前流行的热门项目进行讲解，紧扣程序员求职就业的需求。 （2）2008 2024年，丛书累计改版5次，深受广大程序员喜爱，在全国软件项目开发零售图书排行榜中名列前茅。 （3）细致全面、高效实用、通俗易懂、资源丰富，被数百所高校选为专业课教材。 《Java项目开发全程实录（第5版）》图书特点如下。 1. 项目典型。精选11个当今流行的项目，涵盖基础应用、进阶应用、数据库应用、Web开发等Java主流应用方向。 2. 技术新颖。以JDK21为基础进行项目开发，所用的高级框架、数据库、第三方模块等也均采用当前业内推荐的最新稳定版本。 3. 知识全面。本书各项目总体覆盖Java编程90%以上的核心技术及热门框架，是巩固Java编辑基础、提升应,清华大学出版社
0, 用Go语言自制解释器,¥77.80,索斯藤·鲍尔, /2022-06-01,空,人民邮电出版社
0, Go语言开发实战（慕课版）,¥46.50,千锋教育高教产品研发部, /2019-12-01,1.本书涵盖Go 语言*精华、*重要的核心特性包括类型系统、接口、并发。 2.本书介绍了其他书没有的密码学内容。 3.本书通过当下 *流行 的项目案例带领读者从0-1实现技术开发。,人民邮电出版社
0, 100个Go语言典型错误,¥68.80,,2024-01-01,空,电子工业
0, 深入Go语言：原理、关键技术与实战,¥66.30,历冰;朱荣鑫;黄迪璇, /2023-04-01,深入了解Go语言的实现内幕、高级特性以及实践中的使用陷阱，真实体验Go语言的简洁和高效。,中国铁道出版社
0, Java精彩编程200例（全彩版）,¥39.90,明日科技(Mingri Soft), /2017-08-01,全彩图书，精选200个场景应用实例，快学快用，5大开发方向，轻松提升Java编程技能，附赠Java入门基础视频，400 代码片段，更有任务训练库、资源库,吉林大学出版社
0, Go语言学习指南：惯例模式与编程实践,¥119.00,,2024-05-01,空,机械工业出版社
0, 官网 企业级Go项目开发实战 孔令飞 零基础快速掌握企业级Go项目全流程开发教程书籍,¥129.00,,2024-05-01,空,机械工业出版社
0," Java高并发核心编程：加强版. 卷3, 亿级用户Web应用架构与实战",¥56.60,尼恩、德鲁、李鹏举、尤里乌斯, /2022-11-01,基于亿级用户的高并发、高可用性和高性能Web应用进行体系化、结构化、清晰化的章节安排。 从Java静态代理、动态代理模式入手，解读Spring Cloud全家桶中RPC的核心原理和执行过程。 从观察者模式入手，解读RxJava、Hystrix的核心思想和使用方法。 从高性能传输模式Reactor模型入手，解读Nginx的核心思想以及各配置项的底层知识和原理。 本书的初衷是为读者奉上一本Spring Cloud和Nginx的 原理级 思想级 的优秀图书，帮助读者顺利 进入互联网大厂，成为高级Java工程师和核心架构师。,清华大学出版社
0, Java从入门到精通+C++从入门到精通+零基础Python编程从入门到精通全3册 javaC语言程序设计从入门到精通网,¥59.60,高明亮，王博 等 著, /2023-02-01,空,中国商业出版社
0, Java并发编程实战（第16届Jolt大奖提名图书，Java并发编程佳作）,¥47.20,[美] Brian Goetz 等, /2012-02-01,第16届Jolt大奖提名图书 JavaOne大会畅销图书 了解Java并发编程***佳作 十年畅销100000册，Java并发编程经典图书。本书不仅讲解了并发的理论基础，还介绍了各种实际的开发技术。书中并不是简单罗列出各种并发API及机制，而是详细介绍了许多设计原则、设计模式及思维模式，可帮助开发人员构建出正确的、高性能的并发程序。,机械工业出版社
0, Java移动端企业大型项目实战SpringBoot+Android,¥34.90,千锋教育高教产品研发部, /2024-08-01,以一个企业移动端App项目贯穿全书，以项目驱动式的模式，融合SpringBoot与Android技术，还原企业的真实需求，模拟企业开发流程,清华大学出版社
0, Java Web及其框架技术,¥39.00,陈振兴, /2024-01-01,空,电子工业出版社
0, Java官方编程手册（第12版·Java 17）,¥157.40,[美] 赫伯特·希尔特(Herbert Schildt) 著 石磊 卫琳 译, /2023-06-01,《Java官方编程手册》从1996年首次出版以来，已经经历了数次改版，每次改版都反映 了Java不断演化的进程。本书是第12版，针对JavaSE 17(JDK 17)进行了更新。因此，本书的 这个版本包含大量的新材料、更新和更改。特别令人感兴趣的是自本书上一版以来添加到Java 中的以下关键特性: ●switch的增强记录 ●instanceof的模式匹配 ●密封类和密封接口 ●文本块 这些新的特性结合起来，大大扩展了Java语言的适用范围、领域和表达力。switch 的增强 使这个基础控制语句变得更强大、更灵活。记录是聚合数据的高效方法。在instanceof 中添加 模式匹配，是完成常见编程任务的一-种更简单、适应力更强的方法。密封类和密封接口允许对 继承实现更加精细的控制。文本块允许输入多行字符串字面量，大大简化了在源代码中输入这 类字符串的工作。这些新的特性从根本上拓展了设计和实,清华大学出版社
0, Java泛型、容器与流,¥44.50,禹振、吴恋, /2024-06-01,本书以泛型为基础深入全面介绍Java容器与流。针对每个特性、接口或类，都以具体程序示例详尽演示其实现或用法。 本书适合对Java泛型、容器与流有一定了解但不够深入的学生、开发人员和研究人员学习、参考和使用。,清华大学出版社
0, Java系统分析与架构设计,¥39.50,肖海鹏 王荣芝 张天怡 王化宇 周洪翠, /2023-01-01,1. 案例生动易懂，读者容易入门 本书结合了十多个真实企业项目，抽取每个项目的设计精华部分，采用言简意赅的描述，使读者在短时间内快速增长软件项目的系统分析与架构设计能力。 2. 原理透彻，注重应用 按照一个完整的软件项目周期：立项 业务需求 软件需求分析 架构设计 模块设计 代码开发 软件测试 项目部署 系统维护，深入浅出地讲解了需求分析技术、软件开发架构设计、关系型物理表设计、Redis应用实战、MongoDB开发与应用、Web服务器与数据库的集群部署等内容。 本书在介绍每个知识点时都给出了该知识点的应用场景，同时配合源代码分析；真正体现了理论联系实际的理念，使读者能够体会到 学以致用 的乐趣。,清华大学出版社
0, Java开发坑点解析：从根因分析到最佳实践,¥59.90,朱晔, /2024-01-01,1.来自真实生产环境的100多个案例、150多个坑点。 2.业务代码开发层面近20个方面的坑，涉及多线程、数据访问、池技术、日志异常、日期时间、IO和序列化、Spring框架等。 3.项目技术设计层面6个方面的坑，涉及接口、缓存、异步、生产就绪、代码重复、数据存储。 4.代码开发层面常见的4个安全问题，包括客户端数据可信问题、数据和代码的隔离问题、资源防刷兜底问题，以及敏感数据的处理。 5.坑点讲解范式 知识介绍- 还原业务场景- 错误实现- 正确实现- 原理分析- 小总结 。,人民邮电出版社
0, 聚沙成塔：Go语言构建高性能、分布式爬虫项目,¥79.30,郑建勋|责编:张晶, /2023-08-01,空,电子工业
0, Go黑帽子 渗透测试编程之道,¥47.50,[美]汤姆·斯蒂尔 （Tom Steele） 克里斯·帕顿（Chris Patten） 丹·科特曼（Dan Kottmann） 著 贾玉彬 朱, /2021-09-01,《Go黑帽子 渗透测试编程之道》探索了Go的 阴暗面 ，Go是一种因为简单、高效和可靠而受到黑客推崇的流行编程语言。本书从安全从业者和黑客的角度出发，提供了一系列实用的策略，以帮助你使用Go的功能来测试系统、构建和自动化工具以满足你的需求，并提高你的进攻性安全技能。 我们将从Go的语法和原理的基本概述开始你的学习之旅，探索可用于工具开发的示例，包括HTTP、DNS和SMB等常见网络协议。然后，我们将深入研究渗透测试人员会使用的各种 招数 和会遇到的问题，解决诸如数据窃取、数据包嗅探和漏洞利用开发之类的问题。在深入研究加密技术、攻击Microsoft Windows并实现隐写技术之前，我们将创建动态的、可插入的工具。,清华大学出版社
0, Go语言从入门到精通,¥44.90,明日科技, /2024-03-01,软件开发视频大讲堂 丛书是清华社计算机专业基础类零售图书畅销品牌之一。 （1）2008 2023年，丛书累计修订7次，销售400万册，深受广大程序员喜爱。 （2）4本荣获 全行业优畅销书 奖，1本荣获清华社 专业畅销书 一等奖，多数品种在全国计算机零售图书排行榜排行中名列前茅。 （3）实用、易懂、资源丰富，被数百所高校选为专业课教材。 《Go语言从入门到精通》图书特点如下。 1. 学通Go语言只需要4步：基础知识 进阶提高 高级应用 项目实战，符合认知规律。 2. 100集同步教学微课 在线交流，夯实基础，精准，有效，速练，适合自学。 3. 98个应用实例 1个项目案例，学习1小时，训练10小时，从入门到项目上线，真正成为Go语言高手。 4. 关注清大文森学堂公众号，可获取软件开发就业知识、技术/行业热点动态、面试辅导等直播课。,清华大学出版社
0, Go底层原理与工程化实践,,,,1）知名企业资深Go发专家联合撰写，从原理到实践，助你掌握Go语言精髓，授你项目实战经验 2）深剖析Go语言的核心原理，从0到1带你实现高性能高可用的Go服务发，详细介绍10多个线上典型问题以及解决思路,机械工业出版社
0, 官网正版 打开Go语言之门 入门 实战与进阶 Go语言入门进阶教程书籍 Go语言语法开发技巧大全,¥89.00,,2024-05-01,空,机械工业出版社
0, 人邮新书 Go Web编程 Go语言实战web开发教程书 Go程序设计语言web开发实战指南 12月,¥59.25,郑兆雄, /2017-12-01,Go语言实战web开发教程书 Go程序设计语言web开发实战指南,人民邮电出版社
0, 元素都市GO！118种化学元素带你探索世界 元素拟人带你看图学化学！元素周期表科普漫画儿童读物中小学生漫画绘本,¥24.90,[日]宫村一夫 编、[日]堀田Miwa 绘、孙成志、刘佳 译, /2019-08-01,本书目的在于帮助高、中、小学生、化学爱好者、科普爱好者达成元素科普启蒙的效果。由日本知名化学教授宫村老师 资深插画设计师崛田老师，根据多年研究编著而成，简体中文稿件经化学专家江浪博士审读，确保内容详实无误。 全书分为3大层次：①元素都市的整体介绍②元素家族的特性展示③元素的个性独白。 从整 零，由面 点，多层次、多角度，为读者阶梯式、全方位地展现118种化学元素的奇妙之处！ 本书精彩之处： 本书特色 1 、 8位化学家变身元素解说人，插画师独家书签随机赠送！ 本书特色 2 、 不止是化学，词源、历史、医疗、航空 更多你不知道的冷知识，开启博学外挂人生！ 本书特色3、 无处不在的元素拟人大变身，让你抛弃死记硬背的老方法。,中国青年出版社
0, 官网 对比Java学习Go Java程序员的Go语言速成指南 巴里 费根鲍姆 程序员书库 Go语言核心编程 Go语言编程,¥139.00,,2024-05-01,空,机械工业出版社
0, Java并发编程的艺术 第2版 方腾飞 魏鹏 程晓明,¥81.70,方腾飞 魏鹏 程晓明, /2023-12-20,（1）公认标准著作：第1版在广大读者和Java专家群体中均获得了超高口碑，是Java并发编程领域公认的标准性著作。（2）畅销书大升级：第1版2015年出版，累计销售超过10万册，印刷23次，第2版全面更新，修订内容超过30%。（3）作者背景资深：3位作者都是Java领域的资深开发专家和架构师，前2位是蚂蚁集团和阿里巴巴的高级技术专家。（4）作者经验丰富：作者在Java领域从事研发工作超过15年，本书总结了他们在阿里等头部互联网企业的并发编程经验。（5）3个维度全面剖析：从JDK源码、JVM、CPU等3个角度全面剖析与讲解Java并发编程的框架、原理和核心技术。（6）不止Java并发编程：本书的主要内容是全面讲解了Java并发编程，但同时也讲解了分布式系统相关的知识。（7）14位领军人物力荐：华为、阿里、腾讯、同程、Oracle、RedHat、ThoughtWorks等全球知名科技企业的14位Java,机械工业出版社
0, Java核心技术第12版开发基础+高级特性（套装共2册）,¥223.50,,2024-06-02,空,机械工业出版社
0, 详解HTTP：协议基础与Go语言实现,¥102.50,[日]涩川喜规, /2022-08-01,1.从历史中学习 本书角度新颖，沿着HTTP/1.0、HTTP/1.1、HTTP/2、HTTP/3的发展历史，通俗易懂地讲解了各个版本的HTTP的协议规范，阐明了HTTP是如何通过功能设计和扩展来实现高速化和安全性目标的。 2.从代码中学习 本书结合大量用Go语言实现的具体的客户端代码示例，详细介绍了浏览器内部的动作、浏览器与服务器进行交互的方法等，揭秘了HTTP通信的机制。 3.本书在日本出版后受到好评，在日亚图书“网络协议”类排名TOP。,人民邮电出版社
0, GO!漫画素描自学全攻略,¥18.70,漫学馆, /2017-05-01,在自学漫画的道路上，你是不是常有各种各样的疑问？ 画漫画应该用什么笔？十字线是怎么用的？衣褶到底怎么画才自然？ 这一切的问题我们都可以在本书里找到解决的方案！这本书针对纯新手入门读者的需求，以 基础讲解 案例赏析 实战案例 的讲解方法，将更多、更全、更实用的漫画技巧传达给你！更随书附赠200分钟配套案例高清视频教学，专业画师亲身示范，手把手教你画出好看的漫画！一本好书，可以让漫画学习变得简单， 从零开始学漫画，选这本书就对了！,水利水电出版社
0, Java超能学习手册,¥47.50,[英] 维克多·G.布鲁斯卡（Victor G.Brusca）著 简一达 译, /2023-06-01,《Java超能学习手册》共10章，通过游戏开发的方式来介绍Java语言的特性以及数据结构和OOP。通过13个游戏编程挑战，64个知识点，可以帮助读者掌握近40个学习成就。书中涉及如何使用Java编程语言、NetBeans IDE和一个2D游戏引擎来完成三个不同的2D游戏。 《Java超能学习手册》适合想要掌握Java编程技能的读者，可以为他们后续职业生涯打下坚实的基础。,清华大学出版社
0, Java官方入门教程（第9版·Java 17）,¥61.40,[美]赫伯特·希尔特(Herbert Schildt)著 殷海英 译, /2023-07-01,《Java官方入门教程（第9版 Java 17）》特色 关键技能与概念 每章开头列出要介绍的技能和概念 专家解答 以问答形式提供附加信息和实用提示 练习 示范如何运用编程技能的紧贴实用的练习 自测题 每章最后有一些测试题，以帮助读者扎实掌握Java技能 语法注释 示例代码中的注释阐述所演示的编程技巧,清华大学出版社
0, Python编程从入门到实践 第3版,¥69.80,[美]埃里克·马瑟斯（Eric Matthes）, /2023-05-01,编程入门就选蟒蛇书！ 【经典】Python入门经典，常居Amazon等编程类图书TOP榜 【畅销】热销全球，以12个语种发行，影响超过 250 万读者 【口碑】好评如潮，第2版豆瓣评分 9.2，Amazon 4.7 星评 【升级】代码基于Python3.11升级，涵盖语言新特性 【资源丰富】随书代码 PPT课件 配套视频 速查手册 【自学利器】零基础书籍，自学轻松，附赠学习路线图 【品质提升】精雕细琢，邀请20位一线开发人员审读全书 学完蟒蛇书，你能打下坚实的编程基础、习得优秀的编程习惯，更会构建让自己终身受益的计算思维，而这也是AIGC时代与AI共生的基本技能。,人民邮电出版社
0, Java游戏开发实践——Greenfoot编程快速入门,¥29.50,何青, /2018-08-23,高校教师多年开发经验的结晶之作，深入浅出讲解使用Greenfoot编程软件进行Java游戏开发,清华大学出版社
0, Java项目实战——深入理解大型互联网企业通用技术（进阶篇）,¥54.50,,2024-05-01,空,清华大学出版社
0, Java+OpenCV高效入门,¥39.50,姚利民, /2023-06-01,本书融入了作者多年的实践经验和心得，针对Java OpenCV编程上的痛点进行了强化，并通过大量实例让读者在实践中学习，以期达到轻松入门、事半功倍的效果！ 通俗易懂 深入浅出讲解主要算法的原理，避免简单地罗列公式。 图文并茂 全书配有400多张插图，形象生动阐述抽象内容。 高效入门 详细介绍了近120个函数及其参数设置，并给出了100多个示例程序，让读者高效率地学习。同时，本书也能作为案头的工具书使用。 内容全面 既包括各种传统图像处理算法，也包括机器学习、人脸检测、目标跟踪等高级内容。,清华大学出版社
0, Go Web编程 【正版保证】,¥5.71,谢孟军, /2013-06-01,《GoWeb编程》介绍如何用Go语言进行Web应用的开发，将Go语言的特性与Web开发实战组合到一起，帮读者成功地构建跨平台的应用程序，节省Go语言开发Web的宝贵时间。有了这些针对真实问题的解决方案放在手边，大多数编程难题都会迎刃而解。在《GoWeb编程》中，读者可以更加方便地找到各种编程问题的解决方案，内容涵盖文本处理、表单处理、Session管理、数据库交互、加/解密、国际化和标准化，以及程序的部署维护等运维方面的知识，还介绍了一个快速开发的框架帮助您迅速进入Go语言的Web开发。,电子工业出版社
0, Java开发详解（全彩版）,¥59.50,明日科技(Mingri Soft), /2018-07-01,全彩图书，快学、快用、快查，囊括Java程序开发的基础知识和各种开发技术，突破工作中技术难点，实例丰富讲解精炼，进阶提升***宝典！,吉林大学出版社
0, 小学生Python创意编程（视频教学版）,¥42.70,刘凤飞, /2024-01-01,《小学生Python创意编程（视频教学版）》《Python编程入门与实践》是一本适合孩子、家长和职场办公人员学习的Python编程教材。本书以Python基础为起点，深入浅出地介绍了Python自动化编程的知识和技巧。无论你是初学者还是有一定编程基础的读者，本书都能满足你的需求。 本书采用了孩子喜欢的趣味方式编写，语言简洁易懂，让读者轻松愉快地学习Python编程。同时，本书也按照入门开发者的思维方式编写，为孩子提供了学习编程的基础知识。如果你是成人或非计算机专业的学生，本书同样适合你，帮助你轻松掌握Python编程。 无论你是想学习编程提升职业技能，还是培养孩子的计算思维能力，本书都是你的不二选择。快来阅读本书吧，开启编程的奇妙世界！,清华大学出版社
0, Go Web编程 人民邮电出版社,¥52.40,(新加坡)郑兆雄(Sau Sheong Chang) 著;黄健宏 译, /2017-12-01,Go语言通过提供整洁快速的编译代码、垃圾回收、简单的并发Go模型以及丰富的标准库来满足人们对于可扩展、高性能Web 应用的需求，这种语言非常适用于编写微服务，又或者用于构建可扩展且可维护的系统。本书将教读者运用现代化设计理念构建Go Web应用的方法。阅读本书能让读者学会如何通过依赖注入设计模式来编写测试替身，如何在Web应用中使用并发特性，还有如何在Web服务中创建以及处理JSON数据和XML数据。除此之外，读者还将学会如何尽可能地减少应用对外部框架的依赖，并了解大量与应用测试以及应用部署有关的有价值的生产技术。本书主要内容● 基础知识。● 功能测试和基准测试。● 并发特性的使用方法。● 将应用部署到独立服务器、PaaS云端以及 Docker 的方法。● 大量提示、窍门以及技巧。本书假设读者熟悉Go语言的基本语法并了解Web 开发的一般,人民邮电出版社
0, 图解Java开发基础（案例视频版）,¥39.50,,2024-07-01,《图解Java开发基础（案例视频版）》采用了图解式教学，将复杂的概念和技术以简洁明快的插图和图表展现在你眼前。不再用枯燥的文字解释，而是通过生动有趣的图示来让你更直观地理解Java的核心概念，如流程控制语句、常用类库、泛型，等等。从基础概念开始，逐步引导你进入Java的世界，帮助你巩固所学知识，并提供实际应用场景的案例分析。通过阅读本书帮助你快速入门Java开发，并且培养你解决实际问题的能力。无论是想进入编程行业，还是想提升技术能力，本书都适合你学习和参考。,清华大学出版社
0, Python数据分析与机器学习（微课视频版）,¥55.00,杨年华, /2023-01-01,顺序渐进地从Python基础知识、数据分析与可视化基础到机器学习进行讲解。案例丰富、结构清晰、简单明了。适合作为本科高年级或研究生相关课程的教材，也适合作为工程技术人员的参考书。配套微课视频、教学课件、源代码等资源。,清华大学出版社
0, Python从入门到精通（第3版）,¥43.10,明日科技, /2023-06-01,软件开发视频大讲堂 丛书是清华社计算机专业基础类零售图书畅销品牌之一。 （1）2008 2023年，丛书累计修订7次，销售400万册，深受广大程序员喜爱。 （2）4本荣获 全行业优畅销书 奖，1本荣获清华社 专业畅销书 一等奖，多数品种在全国计算机零售图书排行榜排行中名列前茅。 （3）实用、易懂、资源丰富，被数百所高校选为专业课教材。 《Python从入门到精通（第3版）》以长更新稳定版本Python 3.11.0为基础，图书特点如下。 1. 学通Python只需要4步：基础知识 核心技术 高级应用 项目实战，符合认知规律。 2. 271集同步教学微课 强化实战训练 在线答疑，夯实基础，精准，有效，速练，适合自学。 3. 127个应用实例 32个综合练习 5个项目案例，学习1小时，训练10小时，从入门到项目上线，真正成为Python高手。 4. 根据图书首页说明，扫描书中二维码，打开明日科技账号注,清华大学出版社
0, Go语言从入门到精通/软件开发视频大讲堂,¥55.10,编者:明日科技|责编:贾小红, /2024-03-01,空,清华大学
0, Go职场,¥64.00,[美] 海瑟姆·巴尔蒂（Haythem Balti）金伯利·A.韦斯（Kimberly A. Weiss）著 殷海英 译, /2024-04-01,成功掌握Go语言实用技术 《Go职场》提供了进行初级Go语言编程相关工作所需的基础知识。基于Wiley Edge(以前的mthree)的Go培训项目，为读者提供了快速了解Go这种十分流行的编程语言中各种重要概念和技术的 方法。 《Go职场》通过演示的方式介绍Go语言中的基础概念和高级概念。此外，本书的 综合练习 部分，会将你所学的知识整合在一起，该部分演示了如何在Go中构建复杂的解决方案。 《Go职场》非常适合想要学习Go语言的新手，对于需要复习各种技术细节的Go开发人员本书也很有帮助。 《Go职场》涵盖了数据类型、数据结构、异常和结构体等基础主题，本书还介绍更复杂的主题，如API开发、gRPC和并发。,清华大学出版社
0, Go语言中的高效并发技术,¥42.70,[美]波拉克·瑟达 著 黄永强 译, /2024-05-01,一旦完成了本书中提供的所有示例，就会对使用并发解决问题更有信心。每个人都在抱怨并发很难，但是，正确使用语言将使开发人员可以更轻松地生成正确的程序。你应该永远记住的经验法则是：正确性优先于性能。因此，我们首先要让它正常工作，然后才能让它更快地工作。,清华大学出版社
0, Python编程三剑客第3版：Python编程从入门到实践第3版+快速上手第2版+极客项目编程第2版（当当套装共3册）,¥134.30,[美]埃里克·马瑟斯, /2024-09-01,《Python编程 从入门到实践 第3版》 编程入门就选蟒蛇书！ 【经典】Python入门经典，常居Amazon等编程类图书TOP榜 【热销】热销全球，以12个语种发行，影响超过 250 万读者 【口碑】好评如潮，第2版豆瓣评分 9.2，Amazon 4.7 星评 【升级】代码基于Python3.11升级，涵盖语言新特性 【资源丰富】随书代码 PPT课件 配套视频 速查手册 【自学利器】零基础书籍，自学轻松，附赠学习路线图 【品质提升】精雕细琢，邀请20位一线开发人员审读全书 学完蟒蛇书，你能打下坚实的编程基础、习得优秀的编程习惯，更会构建让自己终身受益的计算思维，而这也是AIGC时代与AI共生的基本技能。 《Python编程快速上手 让繁琐工作自动化 第2版》 Python编程从入门到实践姊妹篇，零基础自学Python教程书籍。 原版图书美亚评分4.7星，众多高校选用，初版译著豆瓣评分8.9分！ 1.升级版，第1版,人民邮电出版社
0, 青少年学Python编程从入门到精通：视频案例版 中小学青少年编程儿童少儿编程 零基础学Python（全彩图解+高清视频,¥66.80,贾炜 编著 ；颉腾文化 出品, /2022-02-01,这是一本不只教游戏的编程书 理论 示例 案例 让孩子真正意义上识编程、懂编程、会编程！ 本书内容从零开始，涉及 Python 编程基础知识、数据运算、判断与循环、函数、GUI 图形化编程、数据可视化、项目 实战等内容。本书在写作方式上结合作者一线的教学实践，以 理论 示例 案例 的方式展开，每个知 识点都结合相关示例进行讲解，让读者能够轻松掌握 Python 的编程知识。同时书中安排了 27个案例，讲解所学内容的应用。后通过飞机大战游戏编程的项目实战，让读者掌握 Python 编程的综合应用。,北京理工大学出版社
0, Java核心技术 卷I 基础知识 第11版 英文版 上下册,¥102.00,[美]凯·S. 霍斯特曼（Cay S. Horstmann）, /2019-05-01,Java领域颇具影响力和价值的经典著作曾获Jolt生产效率大奖的Java经典图书新版全面体现Java SE 9、Java SE 10和Java SE 11的新变化本书是两卷本中的*卷，书中深入介绍了基本的Java和UI编程，包括对象、泛型、集合、Lambda 表达式、Swing设计、并发和函数式编程。如果你已经是有经验的程序员，只是刚学习Java SE 9、Java SE 10或Java SE 11，应该没有比本书更适合的资料了，它集中了专家见解、解决方案和代码。● 掌握编写优秀Java代码的基础技术、习惯用法和*实践。● 充分利用接口、Lambda表达式和内部类的强大力量。● 通过高效的异常处理和调试让程序更可靠。● 通过泛型编程编写更安全、可复用性更好的代码。● 使用Java的标准集合类改进性能和效率。● 使用Swing工具箱构建跨平台图形界面应用。● 通过Java改进的并发支持充分发挥多核处理器的能力。想深入了解Java SE 9、Java SE,人民邮电出版社
0, 矩阵力量：线性代数全彩图解+微课+Python编程,¥123.80,姜伟生, /2023-06-01,这是一套前所未见的数学书，更是一套具备极高颜值的书。姜伟生博士自谦 小镇做题家 ，实际上他是国际著名金融企业的金融科技专家。很难想象一位以 术数 为业的金融家具备如此彻底的分享动机，同时，姜博士有着卓越的艺术品位和设计能力，不仅承担了这套书的精深内容，更承担了全系图书的整体设计。希望读者从枯燥的常规数学书中解脱出来，赏心悦目地慢慢走入缤纷的数学宇宙。,清华大学出版社
0, Python编程练习与解答,¥23.90,[加拿大]本·斯蒂芬森(Ben Stephenson) 孙鸿飞 史苇杭 译, /2021-01-01,● 编排合理，结构清晰，易于理解。 ● 精选来自计算机科学、数学以及其他学科的经典习题。 ● 大约一半的练习附有答案。 ● 在答案中穿插注解，点明解题思路和相关的Python语法。 ● 提供各种不同长度和难度的练习。 ● 引导读者使用if语句、循环、基本函数、列表、字典、文件和递归函数，从而提高编程技能。 对于学过基本编程课程的本科生，本书的练习和答案将成为进一步提高编程技能的阶梯。,清华大学出版社
0, Python编程快速上手 让繁琐工作自动化 第2版,¥44.50,[美]阿尔·斯维加特（Al Sweigart）, /2021-03-01,Python编程从入门到实践姊妹篇，零基础自学Python教程书籍。 原版图书美亚评分4.7星，被150 高校选用，初版译著豆瓣评分8.9分！ 1.畅销书升级版，第1版累计销售近20w册； 2.针对Python 3.X 版本更新，更新项目代码； 3.扫码看视频，边看边学，扫描书中二维码，观看为本书量身定制的教学视频； 4.提供在线编程环境帮助读者边学边练； 5.随书赠送本书e读版电子书； 6.随书赠送全书思维导图； 7.随书赠送本书习题答案； 8.提供本书源代码； 9.随书赠送价值199元读书会（直播 社群）互动学习； 10.随书赠送2000门视频课程（非配套）、价值35000 元异步社区 VIP 会员卡（非配套）； 如果你曾经花几小时来重命名文件或更新成千上万个电子表格的单元格，你就知道这样的任务有多繁琐了。如果可以让计算机替你完成呢？ 在本书中，你将学习利用Python编程在几分钟内完成手动需,人民邮电出版社
0, Java多线程编程核心技术（第3版）,¥93.10,高洪岩, /2021-12-29,1. 畅销书作者撰写，全新升级，新增适用微服务与分布式开发的并发工具与Java线程池 2. 全面剖析多线程编程的核心库、方法、原理，案例式教学，透彻了解高并发本质与应对方法 3. 突破多线程技术，面试、工作得心应手 4. 全新升级章节 第8章，解析并发集合框架，善加利用必能提升开发者的开发效率； 第9章，详解线程池的使用，让线程管理更规范、高效。 5. 重大更新章节 第1章，丰富了JDK中Thread类的API； 第2章，强化了多线程理论基石 栅栏 的解释与代码实现； 第3章，增加了volatile关键字的多种使用技巧，以及基于并发包的线程间通信的深入解读； 第5章，以更简洁的代码优化了定时器案例； 第7章，深度讲解了Java线程状态切换。,机械工业出版社
0, Java核心技术 卷II 高级特性（原书第11版）,¥107.60,（美）凯·S.霍斯特曼（Cay S. Horstmann）著 陈昊鹏译, /2022-05-27,适读人群 ：使用Java技术进行实际项目开发的编程人员 伴随着Java的成长，《Java核心技术》从第1版到第10版一路走来，得到了广大Java程序设计人员的青睐，成为一本畅销不衰的Java经典图书。2019年底，针对Java SE 9、10和11的，《Java核心技术》第11版新鲜出炉，这一版有了大幅的修订和更新，不仅补充了Java新版本的新特性，还对之前比较晦涩的部分做了删改，用更清晰明了的示例加以解释，特别是对内容结构做了调整，从而更有利于读者学习和应用。它将续写从前的辉煌，使人们能及时跟上Java前进的脚步。 本卷主要介绍编程人员进行专业软件开发时需要了解的高级主题。,机械工业出版社
0, Java实战 第2版,¥59.50,[英]拉乌尔?C加布里埃尔·乌尔玛 [意]马里奥·富斯科 [英]艾伦·米克罗夫特, /2019-12-01,现代Java应用充分利用了微服务、反应式架构以及流式数据等创新设计。现代Java特性，譬如Lambda、流以及大家期待已久的Java模块系统让这些设计的实现极其便利。是时候更新技能工具箱了，只有这样，你才能从容应对迎面而来的种种挑战！ 本书通过透彻的示例和通俗的语言讲解了Java语言这些激动人心的特性，作者注重细节，努力降低了学习难度，节省你宝贵的时间。依照本书边学边练，你可以很快掌握流应用程序接口、Java模块系统等现代Java新特性，再进一步去探寻实现并发的新方法，了解函数式编程如何帮你编写可读性好又容易维护的代码。潜心修炼，你的编程实力必能提高到新的层次。 本书特色： ●对上一版（《Java 8实战》）做了全新改版 ●Java 8、9、10及后续版本新特性介绍 ●流数据处理以及反应式编程 ●Java模块系统,人民邮电出版社
0, 程序员数学 用Python学透线性代数和微积分,¥64.90,[美]保罗·奥兰德（Paul Orland）, /2021-12-01,1.500余幅图片，本书以图文结合的方式帮助你用Python代码解决程序设计中的数学问题。 2.300余个练习，通过边学边练，你会发现线性代数和微积分的重要概念跃然纸上、印在脑中。 3.提供配套源代码和本书彩色图片下载。 数学拥有无穷的力量。它既帮助游戏开发工程师建模物理世界，也帮助量化金融分析师赚取利润，还帮助音频处理工程师制作音乐。在数据科学和机器学习领域，数学知识更是不可或缺的。 有人热爱数学，将它比作诗歌，为之着迷一生；有人很难领会数学的妙处，受困于 数学焦虑症 。本书正是为了帮助程序员消除这种焦虑，用自己熟悉的工具，即代码，重新发现数学之美。 向量几何和计算机图形 矩阵和线性变换 微积分的核心概念 仿真和优化 图像处理和音频处理 用于回归和分类的机器学习算法 这本书循序渐进地介绍了程,人民邮电出版社
0, Python数据可视化：科技图表绘制,¥61.90,芯智, /2024-08-01,这是一本全面介绍Python图表绘制与数据可视化的专业书籍，对于初学者和进阶用户来说，是一本不可多得的学习资源。 首先，该书从最基础的Python语法和开发环境讲起，逐步深入到数据预处理和多种可视化绘图工具的使用，如利用Matplolit等绘制专业的学术图表及各种高级技巧，非常适合零基础的读者逐步学习和掌握。书中提供了大量教学示例和精美图表范例，不仅能够帮助读者理解理论知识，还能够通过实践加深记忆，提高学习效率。 其次，视频教学的加入，为读者提供了一个直观的学习途径，尤其是对于那些希望快速掌握关键技能的读者来说，视频教程可以提供即时的指导和帮助。而上机练习资源文件则使读者在阅读理论之后，立即动手实践，这种学以致用的方式，能够极大地提升学习效果。 最后，编者有科研领域工作20多年的经验，无疑为《Python数据可视化:,清华大学出版社
0, Python量化投资指南——基础、数据与实战,¥49.00,付志刚 等, /2024-03-01,空,电子工业出版社
0, 看漫画学Python：有趣、有料、好玩、好用（全彩修订版）,¥50.00,关东升, /2023-02-01,空,电子工业出版社
0, Java项目驱动开发教程,¥42.70,迟殿委 刘丽贞 黄甜甜 杨嘉耀, /2023-06-01,《Java项目驱动开发教程》按照Java语言的核心编程知识和企业应用开发需求，将主要内容划分为：Java语言编程基础、Java面向对象程序设计、Java API高级编程三大专题。 Java语言编程基础专题以 面向过程版的商超购物管理系统 作为贯穿项目，包括Java开发入门、Java基本语法、Java程序流程控制和数组4章，用于夯实Java编程语法基础。 Java面向对象程序设计专题以 面向对象版的超市购物系统 为贯穿项目，包括Java类和对象、Java继承和多态、Java抽象类和接口、Java异常处理及Java图形界面编程5章，为面向对象程序设计思想的理解和编程能力的提升奠定基础。 Java API高级编程专题以 端对端聊天系统 为贯穿项目，包括Java集合、Java多线程、Java网络编程、IO流及Java反射机制5章，用于提升读者应用Java API进行软件开发的能力。 配套全书示例源码、PPT课件、教学大纲、课程设计指导,清华大学出版社
0, Java核心编程从问题分析到代码实现（第3版·上下册）深入理解java核心技术虚拟机 java从入门到精通 java并发,¥99.00,[美]约翰·迪恩（John Dean） [美]雷蒙德·迪恩（Raymond Dean）, /2022-05-01,本书轻松愉快的讲解将带领您进入有趣且令人兴奋的计算机编程世界。从计算机硬件组成到软件开发，从Java的个程序到算法、程序设计和解决问题的方法，本书带你深入探究Java编程是什么、为什么、怎么做。你不需要具备任何Java编程的知识便可轻松学习本书和掌握Java编程的核心思想，大量的实践练习帮你成为一个熟练的Java程序员。 本书特色1：解决问题 本书通过强调算法开发和程序设计两个关键元素讲解程序化地解决问题的方法。 本书特色2：基本原理优先 本书将需要复杂语法的概念延后，为了高效地编写代码，通过程序示例代码追踪与说明来确保彻底理解代码 本书特色2：贴近现实 本书通过上手实践与贴近现实的方式来学习Java编程，因而引入了以下资源：编译工具、完整的程序示例源代码、程序设计中的实践指导、基于行业标准的代码风格指南、用于类关,水利水电出版社
0, Java高并发编程详解：多线程与架构设计,¥64.20,汪文君 著, /2018-05-30,★立足于线程源码剖析，从基础入手，逐层渐进深入，环环紧扣，针对技术细节进行了细致归纳，在解读源码的时候又引入了优秀的架构设计。 ★以业务场景下的真实问题作为导向，详细阐述每一个解决方案的来龙去脉，突出 身临其境 的阅读效果。 ★将大量的实际案例、原理剖析和实战代码相结合，让读者能够更加清晰深入地理解每一个技术细节的用法和实用技巧。 ★ 结合业界公认的好的设计架构技巧模式解决实际开发中遇到的问题，站在程序架构设计的角度指导读者设计高效灵活的多线程应用程序。 推荐阅读,机械工业出版社
0, Java从入门到精通 全新正版java语言程序设计电脑编程基础计算机软件开发教程Java编程入门零基础自学入门计算机书籍,¥29.60,,2023-01-01,空,中国商业出版社
0, Java多线程并发体系实战（微课视频版）,¥39.50,刘宁萌, /2023-09-01,本书以JDK 17长期维护版本为示例，详细地介绍了Java多线程并发相关的知识体系，让读者不仅知其然，而且知其所以然。本书对多线程相关的理论分门别论，层层递进的进行详细的叙述和透彻的分析，既体现了各知识点之间的联系，又兼顾了其渐进性。本书在介绍每个知识点时都给出了该知识点的应用场景，同时配合代码演示，让读者更能明白其实现原理、使用方式。,清华大学出版社
0, Python爬虫技术——深入理解原理、技术与开发,¥44.50,李宁, /2020-01-01,JetBrains大中华区市场部经理赵磊作序！超过300个实战案例，10万行源代码，22个综合实战项目，海量学习资料，1000套中英文简历模板。全书内容涵盖： 李宁 私房菜谱 ? Python爬虫基础知识 ? Python网络库 ? Python解析库 ? Python数据存储 ? Python异步数据抓取 ? Python移动App数据抓取 ? Python可见即可爬 ? Python Scrapy实战 ? Python项目实战 李宁 实战项目 ? 抓取小说目录与正文 ? 抓取豆瓣网图书榜单 ? 抓取房屋租赁信息 ? 抓取豆瓣网音乐排行榜 ? 抓取百度网站图片搜索中的图片 ? 抓取QQ空间说说 ? 可视化爬虫抓取和分析当当网图书评论,清华大学出版社
0, Java从入门到项目实战（全程视频版） java从入门到精通 java语言程序设计 java核心技术 java编程思想,¥24.90,,,空,空
0, Python速查手册·基础卷（全彩版）,¥74.00,明日科技(Mingri Soft), /2020-05-01,适合每一位python程序员的速查工具书。含基础语法、应用场景，创新双目录编排，程序员速查速用、快速解决实际开发难题，提升开发效率的速查手册。,北京希望电子出版社
0, python编程从入门到精通正版c语言编程入门零基础自学python教程从入门到实战编程语言程序基础精通程序计算机编程畅,¥45.90,王博,,空,北京时代华文书局
0, Java程序设计案例教程,¥53.70,刘志刚, /2021-06-01,JAVA语言 程序设计 配套课件 配套代码,中国石化出版社有限公司
0, 利用Python进行数据分析（原书第3版）,¥111.70,[美]韦斯·麦金尼, /2023-10-30,适读人群 ：本书是对Python数据科学工具的实操化、现代化的介绍，非常适合刚学Python的数据分析师或刚学数据科学以及科学计算的Python编程者。 本书第1版出版于2012年，彼时基于Python的开源数据分析库（例如pandas）仍然是一个发展迅速的新事物，本书也成为该领域排名No1的经典畅销书，前两版中文版累计销售近30万册。 阅读本书可以学习使用Python对数据集进行操作、处理、清洗和规整。第3版针对Python 3.10和pandas 1.4进行了更新，并通过实操讲解和实际案例向读者展示了如何高效地解决一系列数据分析问题。读者将在阅读过程中学习新版本的pandas、NumPy、IPython和Jupyter。 本书作者Wes McKinney是Python pandas项目的创始人。本书对Python数据科学工具的介绍既贴近实战又内容新颖，非常适合刚开始学习Python的数据分析师或刚开始学习数据科学和科学计算的Python程序员阅读。读,机械工业出版社
0, Python编程实战100例 100个编程实例 1390分钟视频讲解 核心编程应用 项目开发 python进阶 pyth,¥44.90,张晓, /2021-10-01,1.Python的发展 当今世界信息技术发展迅猛，已进入大数据和人工智能时代，Python作为代表性的编程语言，由于其开源性，聚集了世界上众多程序员的才智而大放异彩，被无数程序员热烈追捧，已经成为主流的编程语言。 2.Python的应用 Python在前端开发、后端开发、爬虫开发、人工智能、金融量化分析、大数据、物联网等方面应用非常广泛。随着大数据时代和人工智能时代的到来，Python已成为数据分析、人工智能、机器学习、自然语言处理方面的开发语言。近年来很多互联网公司对前端开发、后端开发、测试、运维、数据分析等岗位的招聘条件中都要求应聘者具备Python相关的技能，甚至更多的企业直接招聘Python后端开发工程师。随着时代发展越来越快和市场需求越来越大，Python的应用也会越来越广泛。 3.Python的特点 本书的解决方案 Python语言的特点是易学难精，一些编,水利水电出版社
0, Java EE框架整合开发入门到实战——Spring+Spring MVC+MyBatis（微课版）,¥34.90,陈恒、楼偶俊、张立杰, /2018-08-18,零基础入门，注重实战视频教学，全程语音讲解教学资源丰富,清华大学出版社
0, Java编程问题,¥117.70,（罗）安赫尔·伦纳德 著, /2024-07-01,JDK8-21版本快速迭代，即使仅关注LTS版，层出不穷的新特性也会令开发人员应接不暇。所以本书并不总是提倡新的解决方案，而是侧重于呈现某个问题的合理解决方案。本书精心挑选250余个Java日常开发中经常需面对的难题，涉及字符串、数字、集合、数据结构、日期和时间、不可变性、类型推断Optional、Java I/O、Java反射、函数式编程、并发和HTTP客户端WebSocket API等内容。书中为这些问题提供了解决思路与方案，这些知识还可帮你更从容面对面试与笔试。,化学工业出版社
0, Java设计模式及实践,¥57.00,卡马尔米特, /2022-12-29,对于开发人员来说，掌握设计模式有助于提高代码质量，促进代码重用，增强架构健壮性。随着编程语言的不断发展，新特性层出不穷，在其被广泛使用前，程序员往往需要花费大量时间去理解和掌握。本书的目的就是降低新技术趋势的接受难度，为程序员提供良好的应用实践。 本书向你展示Java语言中更加智能化的编码实例。书中首先介绍面向对象编程（OOP）和函数式编程（FP）范式，然后描述常用设计模式的经典使用方法，并解释如何利用函数式编程特性改变经典的设计模式。 你将学习混合使用OOP和FP的实现方式，然后学习响应式编程模型——一种为了编写更好的代码而将OOP和FP结合使用的方法。之后，本书将介绍从MVC架构向微服务和无服务器架构转变的发展趋势，*后介绍Java新版本的功能特性及其实践。 通过本书的学习，你可以有效地解决开发应用程序过程中,机械工业出版社
0, 深度学习入门 基于Python的理论与实现,¥34.90,斋藤康毅, /2021-05-01,1.日本深度学习入门经典畅销书，原版上市不足2年印刷已达100 000册。长期位列日亚 人工智能 类图书榜首，众多五星好评。 2.使用Python 3，尽量不依赖外部库或工具，从零创建一个深度学习模型。 3.示例代码清晰，源代码可下载，需要的运行环境非常简单。读者可以一边读书一边执行程序，简单易上手。 4.使用平实的语言，结合直观的插图和具体的例子，将深度学习的原理掰开揉碎讲解，简明易懂。 5.使用计算图介绍复杂的误差反向传播法，非常直观。 6.相比AI圣经 花书 ，本书更合适入门。 对于非AI方向的技术人员，本书将大大降低入门深度学习的门槛；对于在校大学生、研究生，本书不失为学习深度学习的一本好教材；即便是在工作中已经熟练使用框架开发各类深度学习模型的读者，也可以从本书中获得新的体会。 摘自本书译者序,人民邮电出版社
0, O'Reilly：Python文本分析,¥60.10,"[美]延斯·阿尔布雷希特,[美]西达尔特·拉马钱德兰,[美]克里斯蒂安·温克勒", /2022-08-23,将文本转换成有价值的信息是企业寻求竞争优势的关键。随着近年来自然语言处理（NLP）的发展，如今用户可以通过各种方式来解决复杂的难题。但用户不清楚选择何种NLP工具或库才能满足业务需求，他们不知道应该使用何种技术以及按照怎样的顺序使用这些技术。 这本实战手册为数据科学家和开发人员提供了文本分析与自然语言处理中常见任务的实践解决方案。书中介绍了各种Python真实案例研究，并提供了详细的代码示例，可以帮助你快速入门。,中国电力出版社
0, Java程序设计项目化教程（卢长鹏 ）,¥44.20,卢长鹏 主编 张业男、周敏 副主编, /2024-04-01,空,化学工业出版社
0, Java Web系统开发与实践,¥16.80,张琪 编, /2020-03-01,空,上海交通大学出版社
0, Python青少年趣味编程100例 视频实例教学 零基础学Python入门教程自学教材 少儿趣味编程 小学生趣味编程 教,¥44.90,爱编程的魏校长, /2022-09-01,本书特色 1. 实例众多 学习和掌握一项技能的简单方式就是多看、多练。本书包含 100 多个趣味实例，这些实例 涉及各个方面，不仅可以用来巩固练习，还可以用来开拓思维，引导小读者编写自己感兴趣的各种 程序。 2. 内容有趣 为了提高小读者的阅读兴趣，本书实例基于生活化的场景，讲述各种有趣的事情，尽量避免各 种枯燥的数学求解问题。例如，讲解出租车如何计费，以及如何为文艺表演评分等。 3. 内容全面 本书涵盖了 Python 的常用知识点，并且针对每个知识点都配置了一个相应的实例。通过本书， 小读者可以学习每个知识点的使用，同时掌握知识点的组合使用。 4. 由浅入深 考虑到小读者的逻辑思维能力相对较弱，所以本书的内容由浅入深，逐步讲解。首先讲解为 直观和简单的内容，如输入、输出、变量和常量；然后，逐步过渡到运算、逻辑、数据集合,水利水电出版社
0, Java研发自测入门与进阶,¥44.90,林宁、魏兆玉, /2024-03-01,（1）本书内容全面，竞争力强，结构清晰。本书以普通应用开发者会涉及的知识点为纲要，深入剖析了这些知识点，全面而透彻。 （3）内容丰富，层层递进，便于理解。系统讲解Java 开发者如何进行开发自测，帮助开发人员通过自己先来保证软件的质量。将测试行为提前到进入测试周期前，可以提高提测的成功率，减少开发任务在测试阶段的停留时间，提高迭代效率。 （4）作者资历深厚，拥有多年的开发经验，本书内容是基于作者在工作中的积累整理而成，实战性强。,人民邮电出版社
0, Python青少年趣味编程全彩版 独家配备71集视频教学课程 手机扫码看视频 少儿编程 小学生趣味编程 教孩子学编程 少,¥34.90,张彦 编著, /2020-03-01,视频教学：独家配备71集视频教学课程，手机扫码看视频，跟着视频学编程，学习高效更轻松。 实例丰富：从基础知识的实例讲解，到完整案例演示，讲解浅显易懂，案例思路清晰，通俗易懂。 内容趣味科学：以青少年喜爱的奇幻探险故事为脉络，将Python编程知识贯穿其中，内容讲解兼具知识性和趣味性，激发学习兴趣，是青少年及儿童学习Python编程的绝佳入门编程书籍， 也是父母陪伴孩子一起学习编程的优选图书，亦可作为机器学习的入门图书。 交流互动：提供公众号、QQ群在线交流、服务，让学习无后顾之忧。,水利水电出版社
0, 玩转Java--手把手教你编写300个精彩案例,¥44.50,李永华、陈宏铭, /2023-09-01,1. 内容全面：系统介绍了Java编程的各类实例，适合读者入门到精通。 2. 实用性强：采用案例来编排内容，读者能够通过实例来掌握编程思想。 3. 资源丰富：配套提供了全书300个例子的源代码，便于动手实践举一反三。,清华大学出版社
0, Java EE互联网轻量级框架整合开发：SSM+Redis+Spring微服务（上下册）,¥157.20,杨开振, /2021-07-01,◎ 畅销书升级版，涵盖Java EE主流框架技术SSM Redis Spring微服务，快速上手开发 ◎内容全面，以实际应用为导向，取舍明确 ◎尤其对于技术的重点、难点，解释得深入浅出，案例丰富 ◎ 用Spring MVC整合MyBatis框架技术 ◎ 用Spring整合Redis在Java互联网技术上的应用 ◎ 通过对Spring Boot和Spring Cloud的讲解让大家理解Spring微服务开发 ◎ 通过秒杀讲解互联网高并发业务，通过Spring微服务实例串联本书的主要知识点,电子工业出版社
0, Python编程从入门到实战第3版 计算机零基础学python编程从入门到实践精通基础教材程序设计开发书籍蟒蛇书pyth,¥52.70,(美)埃里克·马瑟斯, /2023-05-01,编程入门就选蟒蛇书！【经典】Python入门经典，常居Amazon等编程类图书TOP榜【畅销】热销全球，以12个语种发行，影响超过 250 万读者【口碑】好评如潮，第2版豆瓣评分 9.2，Amazon 4.7 星评【升级】代码基于Python3.11升级，涵盖语言新特性【资源丰富】随书代码 + PPT课件 + 配套视频 + 速查手册【自学利器】零基础书籍，自学轻松，附赠学习路线图【品质提升】精雕细琢，邀请20位一线开发人员审读全书学完蟒蛇书，你能打下坚实的编程基础、习得优秀的编程习惯，更会构建让自己终身受益的计算思维，而这也是AIGC时代与AI共生的基本技能。,人民邮电出版社
0, Java程序设计立体化教程,¥24.70,沈萍, /2022-08-01,空,西安电子科技大学出版社
0, Java编程入门与项目应用（零基础入门 程序员必看）,¥24.40,黎明，丁洁，张雪英 著； 清泉静读 出品, /2022-06-30,☆Java编程入门宝典，开启你的Java编程之旅。 ☆内容全面，深入讲解基础语法、编程思想、实战应用等Java核心内容。 ☆层层深入，注重实践，带你了解完整项目的开发过程。 ☆图文并茂，大量贴近工作和生活的编程示例，方便易学。 ☆精心设置的板块，为你指出编程重点难点，带你巧避误区，拓展编程知识。 ☆这本书通俗易懂，可读性强，读来定有收获。,原子能出版社
0, 程序员数学 用Python学透线性代数和微积分 用Python学数学程序员的数学基础课算法几何学微积,¥101.20,保罗·奥兰德, /2021-12-01,空,人民邮电出版社
0, 数学要素 全彩图解 + 微课 +Python 编程,¥114.20,姜伟生, /2023-05-01,这是一套前所未见的数学书，更是一套具备极高颜值的书。姜伟生博士自谦 小镇做题家 ，实际上他是国际著名金融企业的金融科技专家。很难想象一位以 术数 为业的金融家具备如此彻底的分享动机，同时，姜博士有着卓越的艺术品位和设计能力，不仅承担了这套书的精深内容，更承担了全系图书的整体设计。希望读者从枯燥的常规数学书中解脱出来，赏心悦目地慢慢走入缤纷的数学宇宙。,清华大学出版社
0, Python编程快速上手 让繁琐工作自动化 第2版,¥45.50,[美]阿尔?斯维加特（AlSweigart）, /2021-03-01,畅销经典的匠心译著，原版图书美亚评分4.7星，被150 高校选用，高分佳作的全新升级，初版译著豆瓣评分8.9分，扫码看视频，边看边学，扫描书中二维码，观看为本书量身定制的教学视频,人民邮电出版社
0, python编程从入门到精通正版c语言编程入门零基础自学python教程从入门到实战编程语言程序基础精通程序计算机编程书,¥19.90,"王博, 编著", /2023-05-01,空,北京时代华文书局
0, Python编程快速上手 让繁琐工作自动化 第2版,¥44.50,阿尔, /2021-03-01,空,人民邮电出版社
0, Python金融量化分析,¥39.90,肖建军、高拴平, /2024-04-01,前海开源基金合伙人王宏远和量化投资总监陆琦，以及摩根大通前中国投资银行主席龚方雄力荐。 将计量经济学与现代金融学理论融入金融量化分析与交易策略设计之中。 结合应用案例详解趋势追踪、小市值、海龟交易和网格交易等常用策略的实现方法。 详解金融量化分析需要掌握的大部分开源模块，包括Pandas、NumPy、TA-Lib、Empyrical、Mplfinance和Backtrader等，实现免费获取金融数据、清洗数据、存储数据和构建金融交易策略（回测）等需求。 书中的每个示例都按照 示例 实现代码 程序输出结果 程序说明 的模式进行讲解，思路清晰，易于理解。 不仅详细介绍各种常用量化交易策略代码的实现过程，而且对量化交易策略的实际回测结果给出说明，尽量避免出现 代码正确无误，而回测效果一塌糊涂 的情况。 结合208个典型示例讲解，每个示例均力求贴近实战需求，有较,清华大学出版社
0, Python青少年趣味编程108例（全视频微课版）,¥59.00,方其桂 主编，吴烜、张小龙 副主编, /2024-07-01,"案例丰富多彩a 108个好玩、有趣的项目案例，契合青少年的认知规律,激发学习兴趣。 图文精细标注 使用图片替换了大部分的文字说明，图解思路与步骤，一目了然，简单易懂。 资源配套完备 提供所有案例的素材、源程序、PPT课件，并且录制了视频微课，可扫描二维码下载或在线学习。 专业师资阵容 作者团队包含省级教研人员,有多年教学经验的中小学信息技术教师（正高级教师、特级教师）。",清华大学出版社
0, Java并发编程的艺术,¥42.60,方腾飞，魏鹏，程晓明 著, /2015-07-01,阿里系和1号店资深技术专家撰写，Java并发编程领域的扛鼎之作，内容在InfoQ等社群得到高度认可 从JDK源码、JVM、CPU等多角度全面剖析和讲解Java并发编程的框架、原理和核心技术 随着大数据时代的来临，程序员可能每天要处理几十个TB的数据，如何让程序快速且安全地处理各种大数据，就需要掌握不同的并发编程模型和并发编程技巧。用户的一个点击，需要在毫秒级处理完多个任务，同样需要并发编程的参与。 并发编程是Java语言的重要特性之一，在Java平台上提供了许多基本的并发功能来辅助开发多线程应用程序。然而，这些相对底层的并发功能与上层应用程序的并发语义之间并不存在一种简单而直观的映射关系。因此，如何在Java并发应用程序中正确且高效地使用这些功能就成了Java开发人员的关注重点。 《Java并发编程的艺术》正是,机械工业出版社
0, Python编程三剑客第3版：Python编程从入门到实践第3版+快速上手第2版+极客项目编程（当当套装共3册）,¥16.00,,,空,空
0, python编程 从入门到实践 学习手册跟我一起玩python编程从入门到精通快速上手基础及应用当当自营同款程自学教程高,¥32.60,未蓝文化, /2020-08-01,空,中国青年出版社
0, Python实现教程——新工科过程计算与优化,¥69.50,方利国、方曦 编著, /2024-05-01,全部案例为作者在实际操作、课程教学、项目研发等过程中的真实知识，读者可以顺着作者的思路，按照书本知识，一步一步进行操作，快速地提高Python软件的操作能力。,化学工业出版社
0, Python玩转数学问题——轻松学习NumPy、SciPy和Matplotlib,¥50.00,张骞, /2022-04-01,Python语言拥有丰富的针对数学的扩展库：NumPy库支持高维度矩阵运算，内含大量针对数组运算的函数。Matplotlib为Python语言提供了绘图扩展；SciPy库支持线性代数、微积分、概率统计等；SymPy库使得Python语言能够支持符号计算。本书从Python的基本用法到数学问题的背景、原理及实际用法等都介绍得简明易懂。在熟悉Python的基本语法结构之后，如果能够熟练掌握这些库的使用方法，则在日后的工作和学习中，完全可以使用Python来处理遇到的数学问题。,清华大学出版社
0, Python全栈开发——数据分析,¥39.50,夏正东, /2023-02-01,同时汇集了数据搜集、数据清洗、数据分析和数据可视化的相关技术，并且对数据分析中的每个过程均进行了详尽、深入地讲解，并搭配多个实用性极强的示例代码，生动的阐述了每项技术的核心奥秘。 各章节衔接紧密，且内容精炼不拖沓，读者只需按照作者的编排思路循序渐进的学习，相信可以在较短的时间内轻松掌握数据分析的全过程。,清华大学出版社
0, Python数据分析与挖掘实战（第2版）,¥66.70,张良均 谭立云 刘名军 江建明, /2019-09-01,为了帮助读者更好地使用本书，本书提供配套的原始数据文件、Python程序代码，读者可以从 华章计算机 公众号，回复64002免费获取。为方便教师授课，本书还提供了PPT课件，教师可到网址http://www.tipdm.org/tj/840.jhtml咨询获取。 （1）畅销书全新升级，第1版销售超过10万册，被国内100余所高等院校采用为教材，同时被广大数据科学工作者奉为经典，是该领域公认的事实标准。 （2）作者在大数据挖掘与分析等领域有10余年的工程实践、教学和创办企业的经验，不仅掌握行业的技术和实践方法，而且洞悉学生和老师的需求与痛点。 （3）本书提供丰富的配套资源，含上机环境、Python源代码、案例建模数据、教学PPT。,机械工业出版社
0, 用Python编程和实践！数学教科书 机器学习 chatgpt聊天机器人 深度学习中必要的基础知识 人工智能 数学基础书,¥44.90,[日] 我妻 幸长 著, /2021-06-01,空,水利水电出版社
0, 运筹优化常用模型、算法及案例实战——Python+Java实现,¥64.00,刘兴禄、熊望祺、臧永森、段宏达、曾文佳、陈伟坚, /2022-10-01,《运筹优化常用模型、算法及案例实战》主要讲述运筹优化领域常用的数学模型、精确算法以及相应的代码实现。,清华大学出版社
0, 完全图解Web技术原理 web编程基础 python web开发 web安全攻防 web安全深度剖析 白帽子讲web安全,¥39.90,西村泰洋, /2024-03-01,本书读者对象为：Web系统开发人员、网页制作人员、网站建设人员、网络管理员、系统安全与维护人员，对Web技术感兴趣的所有人。 本书以图解的形式，对与Web技术相关的方方面面（基础知识、架构、Web网站的创建、Web系统的开发原则、网络安全等）进行了详细解说，是一本能掌握有用知识的专业科普书。 Web技术基础知识 浏览器和Web服务器 Web特有的架构 不断发展的Web网站后台 为Web提供支持的技术 Web相关功能与服务器的创建 Web的普及与发展 不断增加的用户与不断扩大的市场 不同于Web的系统 无须迁移与无法迁移到Web的系统 Web与云计算的关系 理解目前Web系统的底层技术 Web网站的创建 应检查的项目 Web系统的开发原则 能用则用，物尽其用 安全措施 Web特有安全措施与系统通用措施 本书特点 精选主题内容，知识涵盖面广 精选与Web相关的98个主题，并,水利水电出版社
0, Python异步编程,¥31.90,[澳大利亚]凯莱布 哈廷（Caleb Hattingh）, /2023-05-04,一句话推荐 本书介绍了Python异步编程的基础知识，并且教你编写多任务脚本。 编辑推荐 如果你是那些被asyncio异步特性的复杂度所劝退的Python开发者之一的话，那么是时候需要重新审视一下了。异步的复杂性，旨在它需要同时解决框架和终端开发者层面面临的并发网络编程问题。你需要考虑的特性功能只是整个anyncio API很小的一个子集，但是选对正确的功能仍然是一件棘手的事情。这也是我们编写这本实用书的原因。 资深Python开发人员Caleb Hattingh将帮助你更好地理解异步构建领域的基础知识，足以开始编写简单的基于事件的程序。你会了解为什么asyncio提供了比抢占式多任务（线程）更安全的替代方案，以及异步API如何通过简单的方法就可以支持数千个同时套接字连接的。 专家推荐 在开发者的工具箱中，异步编程是其中*强大的工具之一。但是它对于新人来说也,中国电力出版社
0, Python量子计算实践：基于Qiskit和IBM Quantum Experience平台,¥49.90,[美]哈西·诺伦（Hassi Norlén）, /2024-04-01,1.内容汇集作者多年工作经验的结晶，专业可靠，而且紧贴实际应用需求。 2.深入浅出的量子计算入门：从基础概念出发，通过简单的代码示例和直观的解释，帮助读者快速理解量子计算的基本原理。 3.书中避免复杂的理论框架，聚焦实际的编程实践和问题解决，即使没有深厚的物理背景也能轻松入门。 4.全面覆盖Qiskit工具包：深入探讨了Qiskit工具包的各个组成部分，包括Terra、Aer、Ignis和Aqua，并详细讲解了它们的优点和应用场景。读者将能够全面掌握量子程序的开发流程，从编写量子线路到优化量子算法，再到在真实硬件上运行和测试程序。 5.书中还详细介绍了如何使用预封装的量子算法，并通过实现Grover算法等案例，展示了量子算法与传统算法的不同之处，使得读者能够将理论知识应用于实际问题的解决中。,人民邮电出版社
0," Python数据科学手册 (美)杰克·万托布拉斯(Jake VanderPlas) 著;陶俊杰,陈小莉 译",¥54.50,"(美)杰克·万托布拉斯(Jake VanderPlas) 著;陶俊杰,陈小莉 译", /2018-02-01,Python语言拥有大量可用于存储、操作和洞察数据的程序库，已然成为深受数据科学研究人员推崇的工具。本书以IPython、NumPy、Pandas、Matplotlib和Scikit-Learn这5个能完成数据科学大部分工作的基础工具为主，从实战角度出发，讲授如何清洗和可视化数据、如何用数据建立各种统计学或机器学习模型等常见数据科学任务，旨在让各领域与数据处理相关的工作人员具备发现问题、解决问题的能力。·IPython和Jupyter:为使用Python提供计算环境·NumPy：用ndarray实现高维数组的高效存储与操作·Pandas：用DataFrame实现带标签 列式数据的高效存储与操作·Matplotlib：实现各种数据可视化·Scikit-Learn：用高效整洁的Python实现重要的机器学习算法,人民邮电出版社
0, Python深度学习第2二版 机器学习自然语言处理python人工智能入门书籍 keras运算kag,¥65.90,弗朗索瓦·肖莱, /2022-08-01,空,人民邮电出版社
0, Python编程超级魔卡（全彩版）即查即用 快速扫除开发障碍,¥14.90,明日科技(Mingri Soft), /2020-06-01,500余个方法随身查，速查、速用，速记就用编程超级魔卡,吉林大学出版社
0, Python医学数据分析入门 Python语言程序设计及医学应用python3.8医学统计医学数据挖,¥45.90,赵军 刘文婷, /2022-01-01,空,人民邮电出版社
0, 编程江湖——Python篇（青少年版）,¥53.70,王爱胜, /2023-09-01,这是一本别出心裁的Python编程书，以武侠故事为主体呈现编程知识，凝聚了特级教师多年一线教学的宝贵经验和数十年编程教育的方法精华，为程序、算法、计算思维赋予了灵魂，对Python编程进行了全新的演绎，新颖、新奇，让读者爱不释手！,清华大学出版社
0, Excel+Python轻松掌握数据分析,¥44.90,曹化宇, /2023-12-01,综合性强：本书将数据处理工具、统计学原理及其综合应用技巧进行了巧妙结合，使读者能够在一个统一的框架下掌握多种工具的使用方法，提升数据分析能力。 内容丰富：详尽地比较了Excel、Python以及数据库等三大主流数据分析工具的优势和局限，同时指导读者如何根据具体需求灵活搭配这些工具。 循序渐进：内容解析深入浅出，能够加深读者对每种工具在不同场景下应用的理解，附赠书中涉及到的源代码及图片文件，供读者边学边连。 案例翔实：本书采用了生动的实际案例模拟方法，这些案例贴近职场实际，旨在帮助职场专业人士和自由职业者通过真实的业务场景来深化对数据处理的认识。 使用 本书学习，读者可以更加灵活和高效地掌握数据分析技巧，在提高工作和学习效率的同时增强了自己的数据处理能力。,人民邮电出版社
0, Python编程从数据分析到机器学习实践（微课视频版）利用python进行数据分析 精益数据分析 深入浅出数据分析 py,¥49.90,刘瑜 著, /2020-02-01,"机器语言众多，为什么学Python? Python是人工智能和机器学习的*编程语言: 1. 拥有众多出色的第三方库，与操作系统完美集成。 2. 提供社区支持，增加了其在数据科学和科学计算中的应用。 3. 是一门理想的集成语言、 胶水 语言,将各种技术绑定在一起。 4. 代码简洁，容易阅读和学习,准入门槛低。 5. 是高级的脚本语言，更适合AI和机器学习。 6. 是功能强大的解释型编程语言，高效率的高层数据结构，能够简单而有效地实现面向对象编程。 7. 良好的可视化选项，提供了一些很好的可视化工具。 8. *重要和*受欢迎的直接原因是，其Numpy和Scipy库能够支持Scikit-Learn这样的项目，这几乎是目前解决机器学习问题所需的标准配置。 《Python编程从数据分析到机器学习实践（微课视频版）》是继《Python编程从零基础到项目实战（微课视频版）》之后的Python编程进阶图书，主要",水利水电出版社
0, pandas数据预处理详解日系图书 python机器学习 chatgpt聊天机器人 深度学习 大数据处理 数据分析 人工,¥64.00,日本Lombard 增田 秀人 著, /2021-11-01,Python是一款非常强大、易学易用的数据处理和数据分析工具，而大量第三方软件库的支持，更是使其成为人工智能时代非常重要的编程工具。pandas就是一款非常重要的基于NumPy的Python数据分析软件库，它提供了大量能快速便捷处理数据的函数和方法，提供了高效操作大型数据集的工具，通过pandas和Python，可以顺利完成数据科学、机器学习或日常工作中的几乎所有数据分析任务。本书就利用pandas，结合简单易懂的示例代码，对机器学习和数据科学领域数据预处理的知识和各种预处理方法进行了透彻、全面的讲解。学完本书，你会发现Python之所以在数据处理和分析领域如此强大，pandas是其重要的影响因素之一。 1.用浅显易懂的语言，全面介绍pandas的使用方法和应用技巧。 2.用简洁清晰的代码，结合日常工作中需要处理数据的实际场景，学习pandas的实际用法，掌握解决实,水利水电出版社
0, Python数据可视化之Matplotlib与Pyecharts实战,¥70.30,王国平, /2023-10-01,适合新手快速上手：本书首先从认识一个Python程序开始，介绍 Python程序的构成、编程环境搭建与程序编写规范，以及Python 的数据类型、运算符、程序结构与数据结构，然后介绍了数据可 视化的热门工具Matplotlib与Pyecharts，并给出超过30余种常用 见图形的绘制技巧，很适合从未接触过Python编程的读者快速上 手。 可视化流程全解析：本书从数据准备到数据清洗、整理，再到数 据呈现和展示，各部分分别介绍相关概念和工具的使用技巧，并 结合丰富案例进行步骤阐述，可以帮助建立数据可视化整体思路 ，也能够尽快提升基本的实操技能。 工具与项目相结合：书中既介绍了数据可视化常用工具，包括 Pandas、Matplotlib与Pyecharts，又给出了项目案例，可以帮助 读者解决实际工作中遇到的数据可视化问题，提升职场竞争力。 配套资源丰富：本书还提供了源代码、PPT和教学,清华大学出版社
0, Python Qt GUI与数据可视化编程,¥49.50,王维波 栗宝鹃 张晓东, /2019-09-01,PyQt5是Qt 5 C 类库的Python绑定，使用PyQt5可以在Python 中开发专业的GUI 应用程序。本书介绍PyQt5开发Python GUI应用程序的编程方法，还介绍在GUI 程序中嵌入二维和三维数据可视化功能的编程方法，特别是将Matplotlib 嵌入GUI 界面的面向对象编程方法。 本书包含大量完整示例程序，使学习过程具有可跟随性和可操作性，适合具有Python编程基础，需要使用Python设计GUI应用程序，或在GUI应用程序中嵌入数据可视化功能的读者。 本书主要内容包括： ● 基于PyQt5的GUI应用程序的技术框架和工具软件的使用； ● GUI程序设计中常用界面组件和功能模块的使用； ● 使用PyQtChart、PyQtDataVisualization、Matplotlib在GUI程序中嵌入二维和三维数据可视化功能的编程方法。,人民邮电出版社
0, 利用FastAPI构建Python微服务,¥61.90,[美]舍温·约翰·C.特拉古拉 著 王婷 译, /2023-09-20,《利用FastAPI构建Python微服务》将向你详细介绍FastAPI框架及其组件，以及如何联合应用这些组件与一些第三方工具来构建微服务应用程序。读者需要具备一些Python编程背景、API开发原理知识以及对创建企业级微服务应用程序背后原理的理解。这不仅仅是一本参考用书，它还提供一些代码蓝图，在阐释和演示各章主题的同时，还可以帮助开发人员解决实际应用问题。,清华大学出版社
0, Python编程实战 妙趣横生的项目之旅,¥49.90,[美]李·沃恩（Lee Vaughan）, /2021-07-01,掌握Python基础知识后，你是否面临编程技能无法提升，不知后续学习该如何开展的问题？这本书给你一套解决方案。 1.20余个Python项目编程实战案例 2.兼具Python基础知识学习与创造性编程实践练习 3.多种算法谜题轻松掌握 4.配套代码 学习资源免费下载,人民邮电出版社
0, Excel+Python：飞速搞定数据分析与处理 xlwings数据处理分析Python编程 Exc,¥45.90,费利克斯·朱姆斯坦, /2022-03-01,空,人民邮电出版社
0, 青少年编程魔法课堂 Python零基础入门,¥47.30,无界少年, /2023-06-01,1.从基础知识开始，通过有趣的编程案例，帮助孩子们通过生活中的问题更好地理解 Python 编程的概念和原理。 2.拥有丰富海外STEM课程和编程竞赛教学经验的团队精心编写，内容清晰易懂，配合插图形象生动，适合所有想要学习编程的孩子们。 2.配有大量的竞赛实战习题，有效提高孩子的编程技能，培养逻辑思考能力和创造力，做到夯实基础、学以致用。 3.配套PPT+讲解视频，适合想要学习Python的孩子们阅读，对于想让孩子接受编程教育的家长来说，是一个不错的选择。,人民邮电出版社
0, Python核心编程(第3版),¥70.10,(美)春|译者:孙波翔//李斌//李晗, /2016-06-01,空,人民邮电
0, Python编程入门与算法进阶,¥50.50,中国电子学会, /2022-04-01,空,人民邮电出版社
0, Python程序设计,¥28.00,林清滢 朱映辉 陆锡聪 商惠华, /2020-07-01,基于Python*版本，Python 3.6 + PyCharm 2019 + 计算思维,人民邮电出版社
0, Python机器学习技术：模型关系管理,¥86.10,丁亚军, /2023-02-01,空,电子工业出版社
0, R与Python的数据分析核心技巧——能源化学数据挖掘及可视化实战,¥44.00,李宇春、李梓昕 编著, /2023-06-01,从数据回归、建模、拟合、预测的角度探讨Python的一体化实战过程遵从 数据信息可视化,化学工业出版社
0, 深入理解Go并发编程：从原理到实践，看这本就够了,¥124.80,晁岳攀（@鸟窝）, /2023-11-01,空,电子工业出版社
0, Go语言设计与实现,¥69.90,左书祺（@Draven）, /2021-11-01,1.新颖的学习方式，近200幅精美全彩技术配图，600多段精选源代码段，精炼的文字剖析，带你以不同的方式读懂Go源码，掌握Go底层原理 2.强大的读者口碑，本书基于“面向信仰编程”博客作者@Draven的开源电子书《Go语言设计与实现》，有30万读者追更，全网阅读量100万+ 3.难能可贵的阅读体验，全彩印刷、精美排版、封面选用特种纸、内文采用80g胶版纸 4.专业人士推荐，谢孟军、毛剑、万俊峰Kevin、张磊、无闻等业内人士力荐，大量读者热荐,人民邮电出版社
0, Go语言实战,¥34.90,[美]威廉·肯尼迪（William Kennedy）布赖恩·克特森（Brian Ketelsen）埃里克·圣马丁（Erik St. Martin）, /2021-04-01,即便不处理类似可扩展的Web 并发或者实时性能等复杂的系统编程问题，应用程序开发也是一件非常困难的事情。尽管使用一些工具和框架也可以解决这些常见的问题，但Go 语言却以一种更加自然且高效的方式正确处理了这类问题。由谷歌公司开发的Go 语言，为在基础设施中非常依赖高性能服务的初创公司和大企业提供了足够的能力。 Go语言实战目标读者是已经有一定其他编程语言经验，想要开始学习Go 语言或者更深入了解Go 语言及其内部机制的中级开发 者。本书会提供一个专注、全面且符合习惯的视角。本书关注Go 语言的规范和实现，涉及的内容包括语法、Go 的类型系统、并发、通道和测试等主题。 Go语言实战 主要内容 ● Go语言规范和实现。 ● Go语言的类型系统。 ● Go语言的数据结构的内部实现。 ● 测试和基准测试。 Go语言实战假设读者是熟练使用其他语,人民邮电出版社
0, Go程序设计语言 机械工业出版社,¥55.30,"(美)艾伦 A.A.多诺万(Alan A.A.Donovan),(美)布莱恩 W", /2017-04-01,空,机械工业出版社
0, 深入浅出Go语言核心编程,¥71.50,张朝明、李奕锋、甘海彬, /2024-01-01,深入浅出Go语言的众多关键特性，并提供大量场景示例，对于刚接触或转型Go编程的读者是一本很友好的上手指南。 涉及内容新颖而广泛，包括语法结构、面向对象、并发编辑、上下文机制、网络编程、Go汇编以及流行框架等。 不仅讲解Go语言的编程方法与开发技巧，而且力图解读Go语言的设计思想，带领读者探究Go语言的本质。 三位作者都是一线长期使用Go语言的资深开发人，他们的经验是本书质量的保证，希望各位读者能通过阅读本书收获更多。,清华大学出版社
0, Go程序设计语言,¥55.30,艾伦A. A. 多诺万, /2017-05-02,空,机械工业出版社
0, Go语言设计与实现 左书祺 人民邮电出版社 【新华书店正版书籍】,¥69.90,左书祺, /2021-11-01,1.新颖的学习方式，近200幅精美全彩技术配图，600多段精选源代码段，精炼的文字剖析，带你以不同的方式读懂Go源码，掌握Go底层原理2.强大的读者口碑，本书基于“面向信仰编程”博客作者@Draven的开源电子书《Go语言设计与实现》，有30万读者追更，所有渠道阅读量100万 3.难能可贵的阅读体验，全彩印刷、精美排版、封面选用特种纸、内文采用80g胶版纸4.专业人士推荐，谢孟军、毛剑、万俊,人民邮电出版社
0, Go语言实战 go语言入门教程书籍go语言编程书籍go语言并发编程指南go语言程序设计Go语言入门教,¥34.80,威廉·肯尼迪, /2021-04-01,空,人民邮电出版社
0, Go语言实战 go语言入门教程书籍go语言编程书籍go语言并发编程指南go语言程序设计Go语言入门教,¥54.40,威廉·肯尼迪等, /2021-04-01,Go语言领域极 具声望的技术专家力作！关注语言的规范和实现，为读者提供一个专注、全面且符合语言习惯的视角,人民邮电出版社
0, Go编程进阶实战：开发命令行应用、HTTP应用和gRPC应用,¥47.00,[澳]阿米特·萨哈（Amit Saha）著 贾玉彬 刘光磊 译 上海碳泽信息科技有限公司 审校, /2022-11-01,谷歌在2009年发布了Go编程语言，并于2012年发布了1.0版。Go语言具有强大的兼容性，一直用于编写可扩展的重量级程序(命令行应用程序、关键基础设施工具乃至大规模分布式系统)。凭借简单性、丰富的标准库和蓬勃发展的第三方软件包生态系统，Go语言成为软件开发人员的通用语言。 《Go编程进阶实战：开发命令行应用、HTTP应用和gRPC应用》将指导你使用 Go编程语言来构建健壮的、生产级别的应用程序。你将学到足够多的知识来构建命令行工具以及通过HTTP和gRPC通信的应用程序。,清华大学出版社
0, Go语言从入门到项目实践（超值版）,¥49.50,余建熙, /2022-07-01,读者对象 《Go语言从入门到项目实践：超值版》适合学习项目编程的初、中级程序员和希望精通Go语言开发技术的程序员阅读，同时还可供大中专院校和社会培训机构的师生及正在进行软件专业相关毕业设计的学生阅读。 本书特色 ★★练题库、水平测试，微信、手机多维模式信手拈来。 ★★案例源代码、教学课件、海量资源一样都不少。 ★★微信公众号、QQ群与读者互动。 ★★780套求职资源库、350个实例及源代码注释、4套电子书资源库、200道求职常见面试（笔试）真题与解析。 ★★提供教学资源库、求职资源库、面试资源库、笔试题库、案例资源库、项目资源库、软件开发模板库、上机实训手册、教学用PPT课件等。,清华大学出版社
0, Go语言设计与实现ry,¥97.86,左书祺, /2021-11-01,空,人民邮电出版社
0, Go语言精进之路：从新手到高手的编程思想、方法和技巧（套装共2册）,¥119.90,,2024-06-02,空,机械工业出版社
0, Go语言之路,¥79.00,李文周, /2023-11-01,空,电子工业出版社
0, Go Web编程,¥54.10,[新加坡]郑兆雄（Sau Sheong Chang）, /2017-12-01,Go语言通过提供整洁快速的编译代码、垃圾回收、简单的并发Go模型以及丰富的标准库来满足人们对于可扩展、高性能Web 应用的需求，这种语言非常适用于编写微服务，又或者用于构建可扩展且可维护的系统。 本书将教读者运用现代化设计理念构建Go Web应用的方法。阅读本书能让读者学会如何通过依赖注入设计模式来编写测试替身，如何在Web应用中使用并发特性，还有如何在Web服务中创建以及处理JSON数据和XML数据。除此之外，读者还将学会如何尽可能地减少应用对外部框架的依赖，并了解大量与应用测试以及应用部署有关的有价值的生产技术。 本书主要内容 ● 基础知识。 ● 功能测试和基准测试。 ● 并发特性的使用方法。 ● 将应用部署到独立服务器、PaaS云端以及 Docker 的方法。 ● 大量提示、窍门以及技巧。 本书假设读者熟悉Go语言的基本语法并了解Web 开发,人民邮电出版社
0, 极简Go：新手编程之道,¥29.50,关东升, /2023-08-01,教学资源 1. 微课视频 2. 程序代码 3. 开源工具 4. 教学课件 说明：关注 人工智能科学与技术 微信公众号，在 知识 资源下载 配书资源 菜单获取下载链接（或到清华大学出版社网站本书页面获取下载链接）。,清华大学出版社
0, Go Web编程实战派――从入门到精通,¥63.80,廖显东, /2021-04-01,空,电子工业
0, Go程序设计语言（英文版）,¥57.00,艾伦, /2022-04-13,空,机械工业出版社
0, Go并发编程实战（第2版）,¥53.00,郝林, /2017-04-01,国内知名Go语言技术布道者的再造之作 李响、谢孟军、刘奇、左玥、肖德时、Googol Lee、田琪等业内大咖倾心力捧 深入Go语言及其并发原理，挖出并发编程*实践，百样示例助你成为多核计算时代的Go程序高手,人民邮电出版社
0, Go程序设计语言（英文版）,¥79.00,艾伦, /2022-04-13,空,机械工业出版社
0, Go专家编程(第2版),¥53.80,任洪彩|责编:陈晓猛, /2023-04-01,空,电子工业
0, Go语言编程实战,¥29.50,强彦 王军红, /2019-07-16,本书通过通俗易懂的语言，丰富多彩的实例，详细介绍用Go语言程序开发知识。书中提供了大量程序案例，配有注释，读者轻松领会Go程序开发精髓，快速提高开发技能。配套讲解视频，扫描书中二维码就可以观看视频，使学习变得更加轻松,清华大学出版社
0, Go语言底层原理剖析,¥49.40,郑建勋, /2021-08-01,空,电子工业
0, 企业级Go项目开发实战,¥96.70,孔令飞 著, /2023-01-31,（1）作者背景资深：作者是腾讯云技术专家，有超过7年的大型Go项目开发经验。 （2）内容得到验证：初稿源于极客时间专栏，超过25000人付费学习并好评，内容全面升级和补充。 （3）大厂经验总结：手把手教你互联网大厂Go项目开发经验和方法。 （4）内容抽丝剥茧：抽丝剥茧讲解Go项目开发全流程和涉及知识点，涵盖项目的设计、管理、开发、测试、部署全部环节。 （5）蕞佳实践设计：书中涉及大部分Go知识点，知识点都朝着蕞佳实践方向是设计，遵循Go 设计模式、Go 开发规范、Go 蕞佳实践、Go简洁架构，使用业界采纳度蕞高的Go包。 （6）提供项目源码：一个案例贯穿全书，提供可部署、可运行案例源码，可二次开发，可在生产中复用。 （7）知名专家推荐：极客邦科技创始人、腾讯云云原生产品总经理等专家联袂推荐。,机械工业出版社
0, Go Web编程 人民邮电出版社,¥55.30,(新加坡)郑兆雄(Sau Sheong Chang) 著;黄健宏 译, /2017-12-01,Go语言通过提供整洁快速的编译代码、垃圾回收、简单的并发Go模型以及丰富的标准库来满足人们对于可扩展、高性能Web 应用的需求，这种语言非常适用于编写微服务，又或者用于构建可扩展且可维护的系统。本书将教读者运用现代化设计理念构建Go Web应用的方法。阅读本书能让读者学会如何通过依赖注入设计模式来编写测试替身，如何在Web应用中使用并发特性，还有如何在Web服务中创建以及处理JSON数据和XML数据。除此之外，读者还将学会如何尽可能地减少应用对外部框架的依赖，并了解大量与应用测试以及应用部署有关的有价值的生产技术。本书主要内容● 基础知识。● 功能测试和基准测试。● 并发特性的使用方法。● 将应用部署到独立服务器、PaaS云端以及 Docker 的方法。● 大量提示、窍门以及技巧。本书假设读者熟悉Go语言的基本语法并了解Web 开发的一般,人民邮电出版社
0, Go语言从基础到中台微服务实战开发,¥39.40,编者:朱著显//郑敦庄, /2021-06-01,空,中国水利水电
0, Go专家编程/华为云原生技术丛书,¥53.80,任洪彩|责编:陈晓猛, /2020-07-01,空,电子工业
0, （预售）Go语言编程,¥36.75,许式伟 吕桂华 等编著, /2015-02-01,帮助读者迅速消除对Go语言的陌生感，深入了解Go语言的绝 佳作品,人民邮电出版社
0, Go语言从入门到进阶实战 内容实用 上手容易 实用技术大全 多媒体课件 源代码视频等配套资源丰富。,¥63.84,谢琼, /2021-02-01,Go语言从入门到进阶实战，内容实用，上手容易，实用技术大全，多媒体课件、源代码、视频等配套资源丰富。,人民邮电出版社
0, Go语言开发实战（慕课版）本书由千锋教育为对GO语言感兴趣的初学者和爱好者量身定做 入门,¥54.40,, /2020-01-01,本书为对GO语言感兴趣的初学者和爱好者量身定做，从入门到精通。,人民邮电出版社
0, Go语言趣学指南 黄健宏译 go语言入门教程书籍 go程序设计语言实战编程学习笔记*级核心编程,¥51.75,[加] 内森?扬曼（Nathan Youngman） [英] 罗杰?佩珀（R, /2020-04-01,热门语言Go的入门书，学习过程充满乐趣，并能积累丰富的实战经验,人民邮电出版社
0, Go语言从入门到进阶实战 徐波 著 机械工业出版社【达额立减】,¥49.50,徐波 著, /2018-06-01,适读人群 ：Go语言入门读者、Go语言进阶读者、编程爱好者等 资深程序员、慕课网特邀讲师分享多年的Go语言开发经验详解Go语法及开发技巧，深度剖析开源网络库cell的设计和架构思想100分钟配套教学视频、72个开发实例精讲用浅显易懂的语言讲解，不让读者有云山雾罩的感觉用大量实例带领读者学习，让读者在实际动手中提高编程水平给出了大量的“避坑”技巧，让读者在实际开发中少走弯路实例来自于作者多年的口述教学和技术分享会，广受业界好评每个实例程序都精心设计，让Go语言学习者大呼过瘾本书内容速览：初识Go语言Go语言基本语法与使用容器：存储和组织数据的方式流程控制函数（function）结构体（struct）接口（interface）包（package）并发反射编译与工具“避坑”与技巧实战演练——剖析cell网络库设计并实现Socket聊天功能,机械工业出版社
0, Go语言高级开发与实战,¥119.00,,2024-05-01,空,机械工业出版社
0, Go程序设计语言(英文版)/经典原版书库 (美)艾伦A.A.多诺万//布莱恩W.柯尼汉 机械工业 【新华书店正版书籍】,¥44.44,(美)艾伦A.A.多诺万//布莱恩W.柯尼汉, /2016-01-01,空,机械工业
0, Go语言*级编程 柴树杉曹春辉著 go语言进阶实战 CGO编程web编程书 云计算云存储区块链时代重,¥45.50,柴树杉 曹春晖, /2019-07-01,一本能满足Gopher好奇心的Go语言进阶读物，汇集了作者多年来学习和使用Go语言的经验，更倾向于描述实现细节，极大地满足开发者的探索欲望,人民邮电出版社
0, Go Web编程 (新加坡)郑兆雄(Sau Sheong Chang) 著;黄健宏 译 人民邮电出版社 【新华书店正版书,¥54.80,(新加坡)郑兆雄(Sau Sheong Chang) 著;黄健宏 译, /2017-12-01,空,人民邮电出版社
0, Go语言定制指南,¥62.30,"柴树杉,史斌,丁尔男", /2022-04-01,空,人民邮电出版社
0, Go语言学习指南：惯例模式与编程实践,¥119.00,,2024-05-01,空,机械工业出版社
0, Go语言开发实战（慕课版）,¥46.50,千锋教育高教产品研发部, /2019-12-01,1.本书涵盖Go 语言*精华、*重要的核心特性包括类型系统、接口、并发。 2.本书介绍了其他书没有的密码学内容。 3.本书通过当下 *流行 的项目案例带领读者从0-1实现技术开发。,人民邮电出版社
0, 用Go语言自制解释器,¥77.80,索斯藤·鲍尔, /2022-06-01,空,人民邮电出版社
0, 深入Go语言：原理、关键技术与实战,¥66.30,历冰;朱荣鑫;黄迪璇, /2023-04-01,深入了解Go语言的实现内幕、高级特性以及实践中的使用陷阱，真实体验Go语言的简洁和高效。,中国铁道出版社
0, 用Go语言自制编译器,¥77.80,索斯藤·鲍尔, /2022-06-01,空,人民邮电出版社
0, 100个Go语言典型错误,¥68.80,,2024-01-01,空,电子工业
0, 官方 Go程序开发实战宝典 猿媛之家 穆旭东 谭庆丰 楚秦 Go语言入门基础 计算机编程技术书籍,¥109.00,,2024-05-01,空,机械工业出版社
0, 官网 企业级Go项目开发实战 孔令飞 零基础快速掌握企业级Go项目全流程开发教程书籍,¥129.00,,2024-05-01,空,机械工业出版社
0, 聚沙成塔：Go语言构建高性能、分布式爬虫项目,¥79.30,郑建勋|责编:张晶, /2023-08-01,空,电子工业
0, 官网正版 打开Go语言之门 入门 实战与进阶 Go语言入门进阶教程书籍 Go语言语法开发技巧大全,¥89.00,,2024-05-01,空,机械工业出版社
0, 人邮新书 Go Web编程 Go语言实战web开发教程书 Go程序设计语言web开发实战指南 12月,¥59.25,郑兆雄, /2017-12-01,Go语言实战web开发教程书 Go程序设计语言web开发实战指南,人民邮电出版社
0, 元素都市GO！118种化学元素带你探索世界 元素拟人带你看图学化学！元素周期表科普漫画儿童读物中小学生漫画绘本,¥24.90,[日]宫村一夫 编、[日]堀田Miwa 绘、孙成志、刘佳 译, /2019-08-01,本书目的在于帮助高、中、小学生、化学爱好者、科普爱好者达成元素科普启蒙的效果。由日本知名化学教授宫村老师 资深插画设计师崛田老师，根据多年研究编著而成，简体中文稿件经化学专家江浪博士审读，确保内容详实无误。 全书分为3大层次：①元素都市的整体介绍②元素家族的特性展示③元素的个性独白。 从整 零，由面 点，多层次、多角度，为读者阶梯式、全方位地展现118种化学元素的奇妙之处！ 本书精彩之处： 本书特色 1 、 8位化学家变身元素解说人，插画师独家书签随机赠送！ 本书特色 2 、 不止是化学，词源、历史、医疗、航空 更多你不知道的冷知识，开启博学外挂人生！ 本书特色3、 无处不在的元素拟人大变身，让你抛弃死记硬背的老方法。,中国青年出版社
0, Go语言从入门到精通,¥44.90,明日科技, /2024-03-01,软件开发视频大讲堂 丛书是清华社计算机专业基础类零售图书畅销品牌之一。 （1）2008 2023年，丛书累计修订7次，销售400万册，深受广大程序员喜爱。 （2）4本荣获 全行业优畅销书 奖，1本荣获清华社 专业畅销书 一等奖，多数品种在全国计算机零售图书排行榜排行中名列前茅。 （3）实用、易懂、资源丰富，被数百所高校选为专业课教材。 《Go语言从入门到精通》图书特点如下。 1. 学通Go语言只需要4步：基础知识 进阶提高 高级应用 项目实战，符合认知规律。 2. 100集同步教学微课 在线交流，夯实基础，精准，有效，速练，适合自学。 3. 98个应用实例 1个项目案例，学习1小时，训练10小时，从入门到项目上线，真正成为Go语言高手。 4. 关注清大文森学堂公众号，可获取软件开发就业知识、技术/行业热点动态、面试辅导等直播课。,清华大学出版社
0, Java从入门到精通（第7版）,¥43.10,明日科技, /2023-06-01,软件开发视频大讲堂 丛书是清华社计算机专业基础类零售图书畅销品牌之一。 （1）2008 2023年，丛书累计修订7次，销售400万册，深受广大程序员喜爱。 （2）4本荣获 全行业优畅销书 奖，1本荣获清华社 专业畅销书 一等奖，多数品种在全国计算机零售图书排行榜排行中名列前茅。 （3）实用、易懂、资源丰富，被数百所高校选为专业课教材。 《Java从入门到精通（第7版）》以长更新稳定版本JDK 19为基础，图书特点如下。 1. 学通Java只需要4步：基础知识 核心技术 高级应用 项目实战，符合认知规律。 2. 249集同步教学微课 强化实战训练 在线答疑，夯实基础，精准，有效，速练，适合自学。 3. 219个应用实例 149个编程训练 96个综合练习 2个项目案例，学习1小时，训练10小时，从入门到项目上线，真正成为Java高手。 4. 根据图书首页说明，扫描书中二维码，打开明日科技账,清华大学出版社
0, Go底层原理与工程化实践,,,,1）知名企业资深Go发专家联合撰写，从原理到实践，助你掌握Go语言精髓，授你项目实战经验 2）深剖析Go语言的核心原理，从0到1带你实现高性能高可用的Go服务发，详细介绍10多个线上典型问题以及解决思路,机械工业出版社
0, Go黑帽子 渗透测试编程之道,¥47.50,[美]汤姆·斯蒂尔 （Tom Steele） 克里斯·帕顿（Chris Patten） 丹·科特曼（Dan Kottmann） 著 贾玉彬 朱, /2021-09-01,《Go黑帽子 渗透测试编程之道》探索了Go的 阴暗面 ，Go是一种因为简单、高效和可靠而受到黑客推崇的流行编程语言。本书从安全从业者和黑客的角度出发，提供了一系列实用的策略，以帮助你使用Go的功能来测试系统、构建和自动化工具以满足你的需求，并提高你的进攻性安全技能。 我们将从Go的语法和原理的基本概述开始你的学习之旅，探索可用于工具开发的示例，包括HTTP、DNS和SMB等常见网络协议。然后，我们将深入研究渗透测试人员会使用的各种 招数 和会遇到的问题，解决诸如数据窃取、数据包嗅探和漏洞利用开发之类的问题。在深入研究加密技术、攻击Microsoft Windows并实现隐写技术之前，我们将创建动态的、可插入的工具。,清华大学出版社
0, 官网 对比Java学习Go Java程序员的Go语言速成指南 巴里 费根鲍姆 程序员书库 Go语言核心编程 Go语言编程,¥139.00,,2024-05-01,空,机械工业出版社
0, GO!漫画素描自学全攻略,¥18.70,漫学馆, /2017-05-01,在自学漫画的道路上，你是不是常有各种各样的疑问？ 画漫画应该用什么笔？十字线是怎么用的？衣褶到底怎么画才自然？ 这一切的问题我们都可以在本书里找到解决的方案！这本书针对纯新手入门读者的需求，以 基础讲解 案例赏析 实战案例 的讲解方法，将更多、更全、更实用的漫画技巧传达给你！更随书附赠200分钟配套案例高清视频教学，专业画师亲身示范，手把手教你画出好看的漫画！一本好书，可以让漫画学习变得简单， 从零开始学漫画，选这本书就对了！,水利水电出版社
0, 详解HTTP：协议基础与Go语言实现,¥102.50,[日]涩川喜规, /2022-08-01,1.从历史中学习 本书角度新颖，沿着HTTP/1.0、HTTP/1.1、HTTP/2、HTTP/3的发展历史，通俗易懂地讲解了各个版本的HTTP的协议规范，阐明了HTTP是如何通过功能设计和扩展来实现高速化和安全性目标的。 2.从代码中学习 本书结合大量用Go语言实现的具体的客户端代码示例，详细介绍了浏览器内部的动作、浏览器与服务器进行交互的方法等，揭秘了HTTP通信的机制。 3.本书在日本出版后受到好评，在日亚图书“网络协议”类排名TOP。,人民邮电出版社
0, Go语言从入门到精通/软件开发视频大讲堂,¥55.10,编者:明日科技|责编:贾小红, /2024-03-01,空,清华大学
0, Go语言中的高效并发技术,¥42.70,[美]波拉克·瑟达 著 黄永强 译, /2024-05-01,一旦完成了本书中提供的所有示例，就会对使用并发解决问题更有信心。每个人都在抱怨并发很难，但是，正确使用语言将使开发人员可以更轻松地生成正确的程序。你应该永远记住的经验法则是：正确性优先于性能。因此，我们首先要让它正常工作，然后才能让它更快地工作。,清华大学出版社
0, Go Web编程 人民邮电出版社,¥52.40,(新加坡)郑兆雄(Sau Sheong Chang) 著;黄健宏 译, /2017-12-01,Go语言通过提供整洁快速的编译代码、垃圾回收、简单的并发Go模型以及丰富的标准库来满足人们对于可扩展、高性能Web 应用的需求，这种语言非常适用于编写微服务，又或者用于构建可扩展且可维护的系统。本书将教读者运用现代化设计理念构建Go Web应用的方法。阅读本书能让读者学会如何通过依赖注入设计模式来编写测试替身，如何在Web应用中使用并发特性，还有如何在Web服务中创建以及处理JSON数据和XML数据。除此之外，读者还将学会如何尽可能地减少应用对外部框架的依赖，并了解大量与应用测试以及应用部署有关的有价值的生产技术。本书主要内容● 基础知识。● 功能测试和基准测试。● 并发特性的使用方法。● 将应用部署到独立服务器、PaaS云端以及 Docker 的方法。● 大量提示、窍门以及技巧。本书假设读者熟悉Go语言的基本语法并了解Web 开发的一般,人民邮电出版社
0, Java核心技术 卷I：开发基础（原书第12版）,¥82.00,[美] 凯·S.霍斯特曼（Cay S.Horstmann）, /2022-06-01,●Java极具影响力世界名著，针对Java 17全面升级，新版涵盖了Java 17新特性； ●豆瓣9.5 高分，50位KOL联名推荐，Java入门霸主毫无争议，数百万Java开发者系统学习Java的优选书籍； ●数百个几乎可直接应用到开发实践中的示例代码全部免费下载； ●作者亲自为本书录制学习视频，对书中重点和难点一一讲解，相关资源可在B站 Java技术核心技术站 免费观看。,机械工业出版社
0, Java图解创意编程：从菜鸟到互联网大厂之路,¥71.50,胡东锋, /2023-01-01,这是一本兼具趣味性、实用性、广泛性的好书，简直是编程小白的福音！ 一、深入浅出，用可视化项目让读者体验动手创造世界的编程成就感。 二、理论和工程相结合，在动手的同时夯实基础，让读者更直观地理解数据结构、算法、网络等计算机底层原理。 三、通过代码级别的讲解，让初学者有机会在自学过程中丰富自己的实战经验，接触到业界流行的技术框架，为未来实习和进入职场打下坚实基础。,清华大学出版社
0, Java高并发核心编程 卷2（加强版）：多线程、锁、JMM、JUC、高并发设计模式,¥56.60,尼恩, /2022-11-01,深入浅出地剖析了多线程、线程池的底层原理。 结合线上项目经验，总结了IO密集型、CPU密集型线程池的线程数预估算法。 图文并茂地介绍了内置锁、JUC显式锁的核心原理和设计模式。 细致深入地揭秘了JMM内存模型。 全面介绍了JUC框架，并给出其核心组件的实战案例。 详尽地介绍了高并发设计模式的使用。,清华大学出版社
0, Java高并发核心编程 卷1（加强版）：NIO、Netty、Redis、ZooKeeper,¥66.20,尼恩、陈健、徐明冠、岳阳博, /2022-12-01,深入浅出地剖析了高并发IO的底层原理。 图文并茂地介绍了TCP、HTTP、WebSocket协议的核心原理。 细致深入地揭秘了Reactor高性能模式。 全面介绍了Netty框架，并完成单体IM、分布式IM的实战设计。 详尽地介绍了ZooKeeper、Redis的使用。,清华大学出版社
0, Java核心技术 卷I 基础知识（原书第11版）,¥102.00,"［美］凯·S.霍斯特曼（Cay S. Horstmann） 著 林 琪,苏钰涵 等译", /2022-04-26,适读人群 ：使用Java技术进行实际项目开发的初-中级编程人员 【想了解Java se 17 新特性，请购买《Java核心技术（原书第12版）》】 伴随着Java的成长，《Java核心技术》从第1版到第10版一路走来，得到了广大Java程序设计人员的青睐，成为一本畅销不衰的Java经典图书。 2019年底，针对Java SE 9、10和11的，《Java核心技术》第11版新鲜出炉，这一版有了大幅的修订和更新，不仅补充了Java新版本的新特性，还对之前比较晦涩的部分做了删改，用更清晰明了的示例加以解释，特别是对内容结构做了调整，从而更有利于读者学习和应用。它将续写从前的辉煌，使人们能及时跟上Java前进的脚步。 本卷介绍Java语言和UI编程的基础知识的专业级详解，包括对象、泛型、集合、Lambda表达式、Swing设计、并发和函数式编程等。 要想了解有关Java SE 9、10和11的高级特性，包括企业特性,机械工业出版社
0, Java核心技术速学版（第3版）,¥49.90,[美]凯·S.霍斯特曼（Cay S. Horstmann）, /2024-04-01,1.经典Java作品《Java核心技术》的速学版本，降低学习门槛，帮助读者更容易学习Java，更快地把相关知识应用到实际工作中； 2.Java入门优选书籍，涵盖Java 8-Java 17的新特性，作者Java大神霍斯特曼； 3.快速切入主题，展示解决编程问题所需的核心知识，既扎实覆盖Java编程的基础知识，更独具匠心地带领读者探索和实践Java的诸多新特性； 4.提供丰富的示例，还给出了大量注释、提示和警告，这些都是作者实际经验的总结，对编程实践大有裨益。,人民邮电出版社
0, Effective Java中文版（原书第3版）,¥49.90,[美]约书亚·布洛克（Joshua Bloch）, /2024-03-01,空,人民邮电出版社
0, Java Web 从入门到项目实践（超值版）,¥39.90,聚慕课教育研发中心, /2019-05-29,读者对象：《JavaWeb从入门到项目实践（超值版）》适合Java Web开发技术的爱好者或初学者阅读，也适合有一定Java Web开发经验的人员阅读，还可供大中专院校及培训机构的老师、学生以及正在进行软件专业相关毕业设计的学生阅读。 ★★学网课、练题库、测水平，微信、手机、网站多维模式信手拈来。 ★★同步视频、案例源码、教学课件、海量资源、代码纠错器、在线课程一样都不少。 ★★微信公众号、QQ群、教学网站等多渠道互动服务读者。 ★★886套求职资源库、300例特效案例库、200道求职常见面试（笔试）真题与解析、132节同步微视频、100例常见面试（笔试）题库、60个经典案例库、40个项目案例库、7套电子书资源库。 ★★提供教学资源库、求职资源库、面试资源库、笔试题库、职业发展资源库、案例资源库、项目资源库、软件开发模板库、编程代码优化纠,清华大学出版社
0, Go职场,¥64.00,[美] 海瑟姆·巴尔蒂（Haythem Balti）金伯利·A.韦斯（Kimberly A. Weiss）著 殷海英 译, /2024-04-01,成功掌握Go语言实用技术 《Go职场》提供了进行初级Go语言编程相关工作所需的基础知识。基于Wiley Edge(以前的mthree)的Go培训项目，为读者提供了快速了解Go这种十分流行的编程语言中各种重要概念和技术的 方法。 《Go职场》通过演示的方式介绍Go语言中的基础概念和高级概念。此外，本书的 综合练习 部分，会将你所学的知识整合在一起，该部分演示了如何在Go中构建复杂的解决方案。 《Go职场》非常适合想要学习Go语言的新手，对于需要复习各种技术细节的Go开发人员本书也很有帮助。 《Go职场》涵盖了数据类型、数据结构、异常和结构体等基础主题，本书还介绍更复杂的主题，如API开发、gRPC和并发。,清华大学出版社
0, Go Web编程 【正版保证】,¥5.71,谢孟军, /2013-06-01,《GoWeb编程》介绍如何用Go语言进行Web应用的开发，将Go语言的特性与Web开发实战组合到一起，帮读者成功地构建跨平台的应用程序，节省Go语言开发Web的宝贵时间。有了这些针对真实问题的解决方案放在手边，大多数编程难题都会迎刃而解。在《GoWeb编程》中，读者可以更加方便地找到各种编程问题的解决方案，内容涵盖文本处理、表单处理、Session管理、数据库交互、加/解密、国际化和标准化，以及程序的部署维护等运维方面的知识，还介绍了一个快速开发的框架帮助您迅速进入Go语言的Web开发。,电子工业出版社
0, Python编程从入门到实践 第3版,¥69.80,[美]埃里克·马瑟斯（Eric Matthes）, /2023-05-01,编程入门就选蟒蛇书！ 【经典】Python入门经典，常居Amazon等编程类图书TOP榜 【畅销】热销全球，以12个语种发行，影响超过 250 万读者 【口碑】好评如潮，第2版豆瓣评分 9.2，Amazon 4.7 星评 【升级】代码基于Python3.11升级，涵盖语言新特性 【资源丰富】随书代码 PPT课件 配套视频 速查手册 【自学利器】零基础书籍，自学轻松，附赠学习路线图 【品质提升】精雕细琢，邀请20位一线开发人员审读全书 学完蟒蛇书，你能打下坚实的编程基础、习得优秀的编程习惯，更会构建让自己终身受益的计算思维，而这也是AIGC时代与AI共生的基本技能。,人民邮电出版社
0, 深入理解Java虚拟机：JVM高级特性与实践（第3版）,¥88.30,周志明, /2019-12-15,（1） 互联网大厂面试核心知识点全覆盖 ！这本书值得所有Java技术人员读3遍，值得Java技术人员读3遍，值得读3遍！ （2）根据 JDK12和JDK 13 EA版本 全面更新，新增内容近50%，并对第2版中含糊、瑕疵和错误内容进行了修正。 （3）计算机图书领域的丰碑，累计印刷40次，销量超过 30万 册，两家网店评论数量超过100000条，内容近乎零差评。 （4）从 Java技术体系、自动内存管理、虚拟机执行子系统、程序编译与代码优化、高效并发 5个维度全面分析JVM。 （5）全书以 实战 为导向，通过大量与实际生产环境相结合的案例分析和展示了解决各种Java技术难题的方案和技巧。 （6）来自阿里、腾讯、微软、百度、滴滴、易宝支付、同盾科技、达观数据、易观国际、蘑菇街的10位专家高度评价并强烈推荐。,机械工业出版社
0, Java工程师三件套（Java入门+Java实战+MySQL）（套装共三册）,¥212.80,,2023-06-01,空,清华大学出版社
0, Java+Spring Boot企业级Web开发通关(套装共两册),¥149.70,,2023-06-01,Python编程自学：从入门到项目实战套装 包含两本图书，一本快速入门，一本就业实战，两本书相辅相成，帮助读者从初学Python到入职就业，一套书就够。 《Python从入门到精通（第3版）》：全面讲解Python基础和进阶知识，涵盖Python语言基础、正则表达式、函数、面向对象、模块、文件操作、数据库、游戏、爬虫、Web开发、办公自动化等知识，并配备了高清视频讲解，让你轻松掌握Python核心技术，为项目开发打下坚实基础。 《Python项目开发全程实录》：精选12个Python热点项目，涵盖Python基础开发、游戏开发、网络爬虫、大数据及可视化分析、Web开发、人工智能开发六大方向，带你体验软件开发的完整过程，积累丰富的项目经验，为求职就业点亮方向。 选择这套套装，你将获得： （1）系统全面的Python编程知识。 （2）丰富的项目实战经验。 （3）解决问题的能,清华大学出版社
0, Java网络爬虫精解与实践,¥44.50,张凯, /2024-11-01,《Java网络爬虫精解与实践》是一本旨在帮助读者使用Java开发高效网络爬虫系统的实用指南。深入剖析开源爬虫框架，掌握Web数据采集、解析和提取，验证码生成和识别，以及分布式网络爬虫架构设计等关键知识。覆盖手机APP通信抓包、逆向分析等技术，掌握基于手机APP的数据采集。最后，搭建完整的招聘领域网络爬虫系统，自动解析招聘信息，与搜索和推荐系统集成。《Java网络爬虫精解与实践》实用性强，提供丰富示例代码，适合IT从业者、开发人员、培训机构及教学使用。无论您是深入学习网络爬虫或初学者，《Java网络爬虫精解与实践》将带您踏上精彩的学习之旅，提升数据爬取和处理能力。,清华大学出版社
0, Java入门+实战黄金组合套装(套装共两册),¥141.80,,2023-06-01,Java编程学习黄金搭档，从入门到实战一步到位！ 《Java从入门到精通（第7版）》：全面讲解Java基础和进阶知识，涵盖Java基础语法、面向对象、核心类库、多线程、网络通信等，配以大量实例，为您打下坚实的Java编程基础。累计销售90万册，读者评价： 内容全面，讲解清晰，视频教程生动易懂，非常适合Java初学者。 《Java项目开发全程实录（第5版）》：精选11个Java热门项目，涵盖基础应用、数据库应用和Web开发三大方向，让您在实践中掌握Java编程技巧，积累宝贵的实战经验。累计销售10万册，读者评价： 项目案例丰富，实战性强，让我对Java项目开发有了更深入的理解。 学习 Java入门 实战黄金组合套装 的优势： 1、从入门到实战无缝衔接：两本书内容衔接紧密，从基础语法到项目实战，让您轻松掌握Java编程的精髓。 2、快速积累项目实战经验：10多个实,清华大学出版社
0, Java语言程序设计实用教程（第二版）,¥46.60,"周长玉,彭文,王素琴", /2024-10-08,"双色排版,提供慕课视频,丰富案例,扩展资源,课后习题,思维导图",中国电力出版社
0, Java从入门到精通 第七版+EffectiveJava中文版 原书第3版,¥189.60,明日科技,,空,清华大学出版社
0, 小学生Python创意编程（视频教学版）,¥42.70,刘凤飞, /2024-01-01,《小学生Python创意编程（视频教学版）》《Python编程入门与实践》是一本适合孩子、家长和职场办公人员学习的Python编程教材。本书以Python基础为起点，深入浅出地介绍了Python自动化编程的知识和技巧。无论你是初学者还是有一定编程基础的读者，本书都能满足你的需求。 本书采用了孩子喜欢的趣味方式编写，语言简洁易懂，让读者轻松愉快地学习Python编程。同时，本书也按照入门开发者的思维方式编写，为孩子提供了学习编程的基础知识。如果你是成人或非计算机专业的学生，本书同样适合你，帮助你轻松掌握Python编程。 无论你是想学习编程提升职业技能，还是培养孩子的计算思维能力，本书都是你的不二选择。快来阅读本书吧，开启编程的奇妙世界！,清华大学出版社
0, Python从入门到精通（第3版）,¥43.10,明日科技, /2023-06-01,软件开发视频大讲堂 丛书是清华社计算机专业基础类零售图书畅销品牌之一。 （1）2008 2023年，丛书累计修订7次，销售400万册，深受广大程序员喜爱。 （2）4本荣获 全行业优畅销书 奖，1本荣获清华社 专业畅销书 一等奖，多数品种在全国计算机零售图书排行榜排行中名列前茅。 （3）实用、易懂、资源丰富，被数百所高校选为专业课教材。 《Python从入门到精通（第3版）》以长更新稳定版本Python 3.11.0为基础，图书特点如下。 1. 学通Python只需要4步：基础知识 核心技术 高级应用 项目实战，符合认知规律。 2. 271集同步教学微课 强化实战训练 在线答疑，夯实基础，精准，有效，速练，适合自学。 3. 127个应用实例 32个综合练习 5个项目案例，学习1小时，训练10小时，从入门到项目上线，真正成为Python高手。 4. 根据图书首页说明，扫描书中二维码，打开明日科技账号注,清华大学出版社
0, Python编程三剑客第3版：Python编程从入门到实践第3版+快速上手第2版+极客项目编程第2版（当当套装共3册）,¥134.30,[美]埃里克·马瑟斯, /2024-09-01,《Python编程 从入门到实践 第3版》 编程入门就选蟒蛇书！ 【经典】Python入门经典，常居Amazon等编程类图书TOP榜 【热销】热销全球，以12个语种发行，影响超过 250 万读者 【口碑】好评如潮，第2版豆瓣评分 9.2，Amazon 4.7 星评 【升级】代码基于Python3.11升级，涵盖语言新特性 【资源丰富】随书代码 PPT课件 配套视频 速查手册 【自学利器】零基础书籍，自学轻松，附赠学习路线图 【品质提升】精雕细琢，邀请20位一线开发人员审读全书 学完蟒蛇书，你能打下坚实的编程基础、习得优秀的编程习惯，更会构建让自己终身受益的计算思维，而这也是AIGC时代与AI共生的基本技能。 《Python编程快速上手 让繁琐工作自动化 第2版》 Python编程从入门到实践姊妹篇，零基础自学Python教程书籍。 原版图书美亚评分4.7星，众多高校选用，初版译著豆瓣评分8.9分！ 1.升级版，第1版,人民邮电出版社
0, 矩阵力量：线性代数全彩图解+微课+Python编程,¥123.80,姜伟生, /2023-06-01,这是一套前所未见的数学书，更是一套具备极高颜值的书。姜伟生博士自谦 小镇做题家 ，实际上他是国际著名金融企业的金融科技专家。很难想象一位以 术数 为业的金融家具备如此彻底的分享动机，同时，姜博士有着卓越的艺术品位和设计能力，不仅承担了这套书的精深内容，更承担了全系图书的整体设计。希望读者从枯燥的常规数学书中解脱出来，赏心悦目地慢慢走入缤纷的数学宇宙。,清华大学出版社
0, Python编程练习与解答,¥23.90,[加拿大]本·斯蒂芬森(Ben Stephenson) 孙鸿飞 史苇杭 译, /2021-01-01,● 编排合理，结构清晰，易于理解。 ● 精选来自计算机科学、数学以及其他学科的经典习题。 ● 大约一半的练习附有答案。 ● 在答案中穿插注解，点明解题思路和相关的Python语法。 ● 提供各种不同长度和难度的练习。 ● 引导读者使用if语句、循环、基本函数、列表、字典、文件和递归函数，从而提高编程技能。 对于学过基本编程课程的本科生，本书的练习和答案将成为进一步提高编程技能的阶梯。,清华大学出版社
0, Python数据分析与机器学习（微课视频版）,¥55.00,杨年华, /2023-01-01,顺序渐进地从Python基础知识、数据分析与可视化基础到机器学习进行讲解。案例丰富、结构清晰、简单明了。适合作为本科高年级或研究生相关课程的教材，也适合作为工程技术人员的参考书。配套微课视频、教学课件、源代码等资源。,清华大学出版社
0, 程序员数学 用Python学透线性代数和微积分,¥64.90,[美]保罗·奥兰德（Paul Orland）, /2021-12-01,1.500余幅图片，本书以图文结合的方式帮助你用Python代码解决程序设计中的数学问题。 2.300余个练习，通过边学边练，你会发现线性代数和微积分的重要概念跃然纸上、印在脑中。 3.提供配套源代码和本书彩色图片下载。 数学拥有无穷的力量。它既帮助游戏开发工程师建模物理世界，也帮助量化金融分析师赚取利润，还帮助音频处理工程师制作音乐。在数据科学和机器学习领域，数学知识更是不可或缺的。 有人热爱数学，将它比作诗歌，为之着迷一生；有人很难领会数学的妙处，受困于 数学焦虑症 。本书正是为了帮助程序员消除这种焦虑，用自己熟悉的工具，即代码，重新发现数学之美。 向量几何和计算机图形 矩阵和线性变换 微积分的核心概念 仿真和优化 图像处理和音频处理 用于回归和分类的机器学习算法 这本书循序渐进地介绍了程,人民邮电出版社
0, 青少年学Python编程从入门到精通：视频案例版 中小学青少年编程儿童少儿编程 零基础学Python（全彩图解+高清视频,¥66.80,贾炜 编著 ；颉腾文化 出品, /2022-02-01,这是一本不只教游戏的编程书 理论 示例 案例 让孩子真正意义上识编程、懂编程、会编程！ 本书内容从零开始，涉及 Python 编程基础知识、数据运算、判断与循环、函数、GUI 图形化编程、数据可视化、项目 实战等内容。本书在写作方式上结合作者一线的教学实践，以 理论 示例 案例 的方式展开，每个知 识点都结合相关示例进行讲解，让读者能够轻松掌握 Python 的编程知识。同时书中安排了 27个案例，讲解所学内容的应用。后通过飞机大战游戏编程的项目实战，让读者掌握 Python 编程的综合应用。,北京理工大学出版社
0, Java+OpenCV案例佳作选,¥29.50,姚利民, /2024-03-01,本书包括十余个有趣而实用的案例，通过案例教学帮助读者熟悉OpenCV各算法的综合运用，以期达到融会贯通之境界。 超级实用 精选的十余个案例都非常实用，如魔方图案识别、答题卡评分、围棋盘面识别、车牌定位与识别、银行卡卡号识别等。 趣味性强 兴趣是最好的老师。 生动有趣的案例将极大地激发学习的兴趣。 超细讲解 不但将实现过程拆细精讲，还讲述算法原理及算法之间的衔接，帮助读者融会贯通。 全程图解 从原理讲解到各步骤的实现效果，全程配图一看就懂。 模块编程 采用模块化编程方式，一个模块实现一个功能，不少模块可原封不动地搬到其他项目直接调用。,清华大学出版社
0, Java项目开发实战（微视频版）,¥42.70,陈强, /2024-05-01,《Java项目开发实战（微视频版）》的特色如下： 实践项目案例：通过深入的项目案例分析，读者将了解项目开发中的关键问题、挑战和解决方案，帮助读者将理论知识转化为实际操作技能。 多领域跨行业：本书覆盖了多个领域和行业的项目案例，涉及不同的编程概念和技术。通过完成这些项目，读者将能够综合运用所学的知识，培养解决问题的能力，了解不同场景下的项目开发特点。 实用技巧分享：作者结合自身丰富的项目经验，分享了大量实用的项目开发技巧和经验，帮助读者更高效地完成项目开发工作。 配书资源丰富：本书不仅提供了书中实例的源代码，还录制了所有项目的讲解视频。读者可以扫码获取这些资源，提高学习效率。,清华大学出版社
0, Java精彩编程200例（全彩版）,¥39.90,明日科技(Mingri Soft), /2017-08-01,全彩图书，精选200个场景应用实例，快学快用，5大开发方向，轻松提升Java编程技能，附赠Java入门基础视频，400 代码片段，更有任务训练库、资源库,吉林大学出版社
0, Java项目开发全程实录（第5版）,¥43.10,明日科技, /2024-09-01,软件项目开发全程实录 丛书是清华社计算机专业零售图书畅销品牌之一。 （1）丛书定位项目开发实战，面向实际开发应用，精选当前流行的热门项目进行讲解，紧扣程序员求职就业的需求。 （2）2008 2024年，丛书累计改版5次，深受广大程序员喜爱，在全国软件项目开发零售图书排行榜中名列前茅。 （3）细致全面、高效实用、通俗易懂、资源丰富，被数百所高校选为专业课教材。 《Java项目开发全程实录（第5版）》图书特点如下。 1. 项目典型。精选11个当今流行的项目，涵盖基础应用、进阶应用、数据库应用、Web开发等Java主流应用方向。 2. 技术新颖。以JDK21为基础进行项目开发，所用的高级框架、数据库、第三方模块等也均采用当前业内推荐的最新稳定版本。 3. 知识全面。本书各项目总体覆盖Java编程90%以上的核心技术及热门框架，是巩固Java编辑基础、提升应,清华大学出版社
0, Java移动端企业大型项目实战SpringBoot+Android,¥34.90,千锋教育高教产品研发部, /2024-08-01,以一个企业移动端App项目贯穿全书，以项目驱动式的模式，融合SpringBoot与Android技术，还原企业的真实需求，模拟企业开发流程,清华大学出版社
0, Java开发坑点解析：从根因分析到最佳实践,¥59.90,朱晔, /2024-01-01,1.来自真实生产环境的100多个案例、150多个坑点。 2.业务代码开发层面近20个方面的坑，涉及多线程、数据访问、池技术、日志异常、日期时间、IO和序列化、Spring框架等。 3.项目技术设计层面6个方面的坑，涉及接口、缓存、异步、生产就绪、代码重复、数据存储。 4.代码开发层面常见的4个安全问题，包括客户端数据可信问题、数据和代码的隔离问题、资源防刷兜底问题，以及敏感数据的处理。 5.坑点讲解范式 知识介绍- 还原业务场景- 错误实现- 正确实现- 原理分析- 小总结 。,人民邮电出版社
0, Java泛型、容器与流,¥44.50,禹振、吴恋, /2024-06-01,本书以泛型为基础深入全面介绍Java容器与流。针对每个特性、接口或类，都以具体程序示例详尽演示其实现或用法。 本书适合对Java泛型、容器与流有一定了解但不够深入的学生、开发人员和研究人员学习、参考和使用。,清华大学出版社
0, Java系统分析与架构设计,¥39.50,肖海鹏 王荣芝 张天怡 王化宇 周洪翠, /2023-01-01,1. 案例生动易懂，读者容易入门 本书结合了十多个真实企业项目，抽取每个项目的设计精华部分，采用言简意赅的描述，使读者在短时间内快速增长软件项目的系统分析与架构设计能力。 2. 原理透彻，注重应用 按照一个完整的软件项目周期：立项 业务需求 软件需求分析 架构设计 模块设计 代码开发 软件测试 项目部署 系统维护，深入浅出地讲解了需求分析技术、软件开发架构设计、关系型物理表设计、Redis应用实战、MongoDB开发与应用、Web服务器与数据库的集群部署等内容。 本书在介绍每个知识点时都给出了该知识点的应用场景，同时配合源代码分析；真正体现了理论联系实际的理念，使读者能够体会到 学以致用 的乐趣。,清华大学出版社
0, Python编程快速上手 让繁琐工作自动化 第2版,¥44.50,[美]阿尔·斯维加特（Al Sweigart）, /2021-03-01,Python编程从入门到实践姊妹篇，零基础自学Python教程书籍。 原版图书美亚评分4.7星，被150 高校选用，初版译著豆瓣评分8.9分！ 1.畅销书升级版，第1版累计销售近20w册； 2.针对Python 3.X 版本更新，更新项目代码； 3.扫码看视频，边看边学，扫描书中二维码，观看为本书量身定制的教学视频； 4.提供在线编程环境帮助读者边学边练； 5.随书赠送本书e读版电子书； 6.随书赠送全书思维导图； 7.随书赠送本书习题答案； 8.提供本书源代码； 9.随书赠送价值199元读书会（直播 社群）互动学习； 10.随书赠送2000门视频课程（非配套）、价值35000 元异步社区 VIP 会员卡（非配套）； 如果你曾经花几小时来重命名文件或更新成千上万个电子表格的单元格，你就知道这样的任务有多繁琐了。如果可以让计算机替你完成呢？ 在本书中，你将学习利用Python编程在几分钟内完成手动需,人民邮电出版社
0, 看漫画学Python：有趣、有料、好玩、好用（全彩修订版）,¥50.00,关东升, /2023-02-01,空,电子工业出版社
0, Python爬虫技术——深入理解原理、技术与开发,¥44.50,李宁, /2020-01-01,JetBrains大中华区市场部经理赵磊作序！超过300个实战案例，10万行源代码，22个综合实战项目，海量学习资料，1000套中英文简历模板。全书内容涵盖： 李宁 私房菜谱 ? Python爬虫基础知识 ? Python网络库 ? Python解析库 ? Python数据存储 ? Python异步数据抓取 ? Python移动App数据抓取 ? Python可见即可爬 ? Python Scrapy实战 ? Python项目实战 李宁 实战项目 ? 抓取小说目录与正文 ? 抓取豆瓣网图书榜单 ? 抓取房屋租赁信息 ? 抓取豆瓣网音乐排行榜 ? 抓取百度网站图片搜索中的图片 ? 抓取QQ空间说说 ? 可视化爬虫抓取和分析当当网图书评论,清华大学出版社
0, Python量化投资指南——基础、数据与实战,¥49.00,付志刚 等, /2024-03-01,空,电子工业出版社
0, Python数据可视化：科技图表绘制,¥61.90,芯智, /2024-08-01,这是一本全面介绍Python图表绘制与数据可视化的专业书籍，对于初学者和进阶用户来说，是一本不可多得的学习资源。 首先，该书从最基础的Python语法和开发环境讲起，逐步深入到数据预处理和多种可视化绘图工具的使用，如利用Matplolit等绘制专业的学术图表及各种高级技巧，非常适合零基础的读者逐步学习和掌握。书中提供了大量教学示例和精美图表范例，不仅能够帮助读者理解理论知识，还能够通过实践加深记忆，提高学习效率。 其次，视频教学的加入，为读者提供了一个直观的学习途径，尤其是对于那些希望快速掌握关键技能的读者来说，视频教程可以提供即时的指导和帮助。而上机练习资源文件则使读者在阅读理论之后，立即动手实践，这种学以致用的方式，能够极大地提升学习效果。 最后，编者有科研领域工作20多年的经验，无疑为《Python数据可视化:,清华大学出版社
0, 深度学习入门 基于Python的理论与实现,¥34.90,斋藤康毅, /2021-05-01,1.日本深度学习入门经典畅销书，原版上市不足2年印刷已达100 000册。长期位列日亚 人工智能 类图书榜首，众多五星好评。 2.使用Python 3，尽量不依赖外部库或工具，从零创建一个深度学习模型。 3.示例代码清晰，源代码可下载，需要的运行环境非常简单。读者可以一边读书一边执行程序，简单易上手。 4.使用平实的语言，结合直观的插图和具体的例子，将深度学习的原理掰开揉碎讲解，简明易懂。 5.使用计算图介绍复杂的误差反向传播法，非常直观。 6.相比AI圣经 花书 ，本书更合适入门。 对于非AI方向的技术人员，本书将大大降低入门深度学习的门槛；对于在校大学生、研究生，本书不失为学习深度学习的一本好教材；即便是在工作中已经熟练使用框架开发各类深度学习模型的读者，也可以从本书中获得新的体会。 摘自本书译者序,人民邮电出版社
0, O'Reilly：Python文本分析,¥60.10,"[美]延斯·阿尔布雷希特,[美]西达尔特·拉马钱德兰,[美]克里斯蒂安·温克勒", /2022-08-23,将文本转换成有价值的信息是企业寻求竞争优势的关键。随着近年来自然语言处理（NLP）的发展，如今用户可以通过各种方式来解决复杂的难题。但用户不清楚选择何种NLP工具或库才能满足业务需求，他们不知道应该使用何种技术以及按照怎样的顺序使用这些技术。 这本实战手册为数据科学家和开发人员提供了文本分析与自然语言处理中常见任务的实践解决方案。书中介绍了各种Python真实案例研究，并提供了详细的代码示例，可以帮助你快速入门。,中国电力出版社
0, python编程从入门到精通正版c语言编程入门零基础自学python教程从入门到实战编程语言程序基础精通程序计算机编程畅,¥45.90,王博,,空,北京时代华文书局
0, Java并发编程实战（第16届Jolt大奖提名图书，Java并发编程佳作）,¥47.20,[美] Brian Goetz 等, /2012-02-01,第16届Jolt大奖提名图书 JavaOne大会畅销图书 了解Java并发编程***佳作 十年畅销100000册，Java并发编程经典图书。本书不仅讲解了并发的理论基础，还介绍了各种实际的开发技术。书中并不是简单罗列出各种并发API及机制，而是详细介绍了许多设计原则、设计模式及思维模式，可帮助开发人员构建出正确的、高性能的并发程序。,机械工业出版社
0," Java高并发核心编程：加强版. 卷3, 亿级用户Web应用架构与实战",¥56.60,尼恩、德鲁、李鹏举、尤里乌斯, /2022-11-01,基于亿级用户的高并发、高可用性和高性能Web应用进行体系化、结构化、清晰化的章节安排。 从Java静态代理、动态代理模式入手，解读Spring Cloud全家桶中RPC的核心原理和执行过程。 从观察者模式入手，解读RxJava、Hystrix的核心思想和使用方法。 从高性能传输模式Reactor模型入手，解读Nginx的核心思想以及各配置项的底层知识和原理。 本书的初衷是为读者奉上一本Spring Cloud和Nginx的 原理级 思想级 的优秀图书，帮助读者顺利 进入互联网大厂，成为高级Java工程师和核心架构师。,清华大学出版社
0, Java Web及其框架技术,¥39.00,陈振兴, /2024-01-01,空,电子工业出版社
0, Java项目实战——深入理解大型互联网企业通用技术（进阶篇）,¥54.50,,2024-05-01,空,清华大学出版社
0, Java从入门到精通+C++从入门到精通+零基础Python编程从入门到精通全3册 javaC语言程序设计从入门到精通网,¥59.60,高明亮，王博 等 著, /2023-02-01,空,中国商业出版社
0, Java官方编程手册（第12版·Java 17）,¥157.40,[美] 赫伯特·希尔特(Herbert Schildt) 著 石磊 卫琳 译, /2023-06-01,《Java官方编程手册》从1996年首次出版以来，已经经历了数次改版，每次改版都反映 了Java不断演化的进程。本书是第12版，针对JavaSE 17(JDK 17)进行了更新。因此，本书的 这个版本包含大量的新材料、更新和更改。特别令人感兴趣的是自本书上一版以来添加到Java 中的以下关键特性: ●switch的增强记录 ●instanceof的模式匹配 ●密封类和密封接口 ●文本块 这些新的特性结合起来，大大扩展了Java语言的适用范围、领域和表达力。switch 的增强 使这个基础控制语句变得更强大、更灵活。记录是聚合数据的高效方法。在instanceof 中添加 模式匹配，是完成常见编程任务的一-种更简单、适应力更强的方法。密封类和密封接口允许对 继承实现更加精细的控制。文本块允许输入多行字符串字面量，大大简化了在源代码中输入这 类字符串的工作。这些新的特性从根本上拓展了设计和实,清华大学出版社
0, Java游戏开发实践——Greenfoot编程快速入门,¥29.50,何青, /2018-08-23,高校教师多年开发经验的结晶之作，深入浅出讲解使用Greenfoot编程软件进行Java游戏开发,清华大学出版社
0, Java并发编程的艺术 第2版 方腾飞 魏鹏 程晓明,¥81.70,方腾飞 魏鹏 程晓明, /2023-12-20,（1）公认标准著作：第1版在广大读者和Java专家群体中均获得了超高口碑，是Java并发编程领域公认的标准性著作。（2）畅销书大升级：第1版2015年出版，累计销售超过10万册，印刷23次，第2版全面更新，修订内容超过30%。（3）作者背景资深：3位作者都是Java领域的资深开发专家和架构师，前2位是蚂蚁集团和阿里巴巴的高级技术专家。（4）作者经验丰富：作者在Java领域从事研发工作超过15年，本书总结了他们在阿里等头部互联网企业的并发编程经验。（5）3个维度全面剖析：从JDK源码、JVM、CPU等3个角度全面剖析与讲解Java并发编程的框架、原理和核心技术。（6）不止Java并发编程：本书的主要内容是全面讲解了Java并发编程，但同时也讲解了分布式系统相关的知识。（7）14位领军人物力荐：华为、阿里、腾讯、同程、Oracle、RedHat、ThoughtWorks等全球知名科技企业的14位Java,机械工业出版社
0, Java超能学习手册,¥47.50,[英] 维克多·G.布鲁斯卡（Victor G.Brusca）著 简一达 译, /2023-06-01,《Java超能学习手册》共10章，通过游戏开发的方式来介绍Java语言的特性以及数据结构和OOP。通过13个游戏编程挑战，64个知识点，可以帮助读者掌握近40个学习成就。书中涉及如何使用Java编程语言、NetBeans IDE和一个2D游戏引擎来完成三个不同的2D游戏。 《Java超能学习手册》适合想要掌握Java编程技能的读者，可以为他们后续职业生涯打下坚实的基础。,清华大学出版社
0, Python速查手册·基础卷（全彩版）,¥74.00,明日科技(Mingri Soft), /2020-05-01,适合每一位python程序员的速查工具书。含基础语法、应用场景，创新双目录编排，程序员速查速用、快速解决实际开发难题，提升开发效率的速查手册。,北京希望电子出版社
0, Python编程实战100例 100个编程实例 1390分钟视频讲解 核心编程应用 项目开发 python进阶 pyth,¥44.90,张晓, /2021-10-01,1.Python的发展 当今世界信息技术发展迅猛，已进入大数据和人工智能时代，Python作为代表性的编程语言，由于其开源性，聚集了世界上众多程序员的才智而大放异彩，被无数程序员热烈追捧，已经成为主流的编程语言。 2.Python的应用 Python在前端开发、后端开发、爬虫开发、人工智能、金融量化分析、大数据、物联网等方面应用非常广泛。随着大数据时代和人工智能时代的到来，Python已成为数据分析、人工智能、机器学习、自然语言处理方面的开发语言。近年来很多互联网公司对前端开发、后端开发、测试、运维、数据分析等岗位的招聘条件中都要求应聘者具备Python相关的技能，甚至更多的企业直接招聘Python后端开发工程师。随着时代发展越来越快和市场需求越来越大，Python的应用也会越来越广泛。 3.Python的特点 本书的解决方案 Python语言的特点是易学难精，一些编,水利水电出版社
0, 利用Python进行数据分析（原书第3版）,¥111.70,[美]韦斯·麦金尼, /2023-10-30,适读人群 ：本书是对Python数据科学工具的实操化、现代化的介绍，非常适合刚学Python的数据分析师或刚学数据科学以及科学计算的Python编程者。 本书第1版出版于2012年，彼时基于Python的开源数据分析库（例如pandas）仍然是一个发展迅速的新事物，本书也成为该领域排名No1的经典畅销书，前两版中文版累计销售近30万册。 阅读本书可以学习使用Python对数据集进行操作、处理、清洗和规整。第3版针对Python 3.10和pandas 1.4进行了更新，并通过实操讲解和实际案例向读者展示了如何高效地解决一系列数据分析问题。读者将在阅读过程中学习新版本的pandas、NumPy、IPython和Jupyter。 本书作者Wes McKinney是Python pandas项目的创始人。本书对Python数据科学工具的介绍既贴近实战又内容新颖，非常适合刚开始学习Python的数据分析师或刚开始学习数据科学和科学计算的Python程序员阅读。读,机械工业出版社
0, Python青少年趣味编程100例 视频实例教学 零基础学Python入门教程自学教材 少儿趣味编程 小学生趣味编程 教,¥44.90,爱编程的魏校长, /2022-09-01,本书特色 1. 实例众多 学习和掌握一项技能的简单方式就是多看、多练。本书包含 100 多个趣味实例，这些实例 涉及各个方面，不仅可以用来巩固练习，还可以用来开拓思维，引导小读者编写自己感兴趣的各种 程序。 2. 内容有趣 为了提高小读者的阅读兴趣，本书实例基于生活化的场景，讲述各种有趣的事情，尽量避免各 种枯燥的数学求解问题。例如，讲解出租车如何计费，以及如何为文艺表演评分等。 3. 内容全面 本书涵盖了 Python 的常用知识点，并且针对每个知识点都配置了一个相应的实例。通过本书， 小读者可以学习每个知识点的使用，同时掌握知识点的组合使用。 4. 由浅入深 考虑到小读者的逻辑思维能力相对较弱，所以本书的内容由浅入深，逐步讲解。首先讲解为 直观和简单的内容，如输入、输出、变量和常量；然后，逐步过渡到运算、逻辑、数据集合,水利水电出版社
0, Python编程从入门到实战第3版 计算机零基础学python编程从入门到实践精通基础教材程序设计开发书籍蟒蛇书pyth,¥52.70,(美)埃里克·马瑟斯, /2023-05-01,编程入门就选蟒蛇书！【经典】Python入门经典，常居Amazon等编程类图书TOP榜【畅销】热销全球，以12个语种发行，影响超过 250 万读者【口碑】好评如潮，第2版豆瓣评分 9.2，Amazon 4.7 星评【升级】代码基于Python3.11升级，涵盖语言新特性【资源丰富】随书代码 + PPT课件 + 配套视频 + 速查手册【自学利器】零基础书籍，自学轻松，附赠学习路线图【品质提升】精雕细琢，邀请20位一线开发人员审读全书学完蟒蛇书，你能打下坚实的编程基础、习得优秀的编程习惯，更会构建让自己终身受益的计算思维，而这也是AIGC时代与AI共生的基本技能。,人民邮电出版社
0, Python青少年趣味编程全彩版 独家配备71集视频教学课程 手机扫码看视频 少儿编程 小学生趣味编程 教孩子学编程 少,¥34.90,张彦 编著, /2020-03-01,视频教学：独家配备71集视频教学课程，手机扫码看视频，跟着视频学编程，学习高效更轻松。 实例丰富：从基础知识的实例讲解，到完整案例演示，讲解浅显易懂，案例思路清晰，通俗易懂。 内容趣味科学：以青少年喜爱的奇幻探险故事为脉络，将Python编程知识贯穿其中，内容讲解兼具知识性和趣味性，激发学习兴趣，是青少年及儿童学习Python编程的绝佳入门编程书籍， 也是父母陪伴孩子一起学习编程的优选图书，亦可作为机器学习的入门图书。 交流互动：提供公众号、QQ群在线交流、服务，让学习无后顾之忧。,水利水电出版社
0, Python编程三剑客第3版：Python编程从入门到实践第3版+快速上手第2版+极客项目编程（当当套装共3册）,¥16.00,,,空,空
0, Java+OpenCV高效入门,¥39.50,姚利民, /2023-06-01,本书融入了作者多年的实践经验和心得，针对Java OpenCV编程上的痛点进行了强化，并通过大量实例让读者在实践中学习，以期达到轻松入门、事半功倍的效果！ 通俗易懂 深入浅出讲解主要算法的原理，避免简单地罗列公式。 图文并茂 全书配有400多张插图，形象生动阐述抽象内容。 高效入门 详细介绍了近120个函数及其参数设置，并给出了100多个示例程序，让读者高效率地学习。同时，本书也能作为案头的工具书使用。 内容全面 既包括各种传统图像处理算法，也包括机器学习、人脸检测、目标跟踪等高级内容。,清华大学出版社
0, Java核心技术第12版开发基础+高级特性（套装共2册）,¥223.50,,2024-06-02,空,机械工业出版社
0, Python金融量化分析,¥39.90,肖建军、高拴平, /2024-04-01,前海开源基金合伙人王宏远和量化投资总监陆琦，以及摩根大通前中国投资银行主席龚方雄力荐。 将计量经济学与现代金融学理论融入金融量化分析与交易策略设计之中。 结合应用案例详解趋势追踪、小市值、海龟交易和网格交易等常用策略的实现方法。 详解金融量化分析需要掌握的大部分开源模块，包括Pandas、NumPy、TA-Lib、Empyrical、Mplfinance和Backtrader等，实现免费获取金融数据、清洗数据、存储数据和构建金融交易策略（回测）等需求。 书中的每个示例都按照 示例 实现代码 程序输出结果 程序说明 的模式进行讲解，思路清晰，易于理解。 不仅详细介绍各种常用量化交易策略代码的实现过程，而且对量化交易策略的实际回测结果给出说明，尽量避免出现 代码正确无误，而回测效果一塌糊涂 的情况。 结合208个典型示例讲解，每个示例均力求贴近实战需求，有较,清华大学出版社
0, Java官方入门教程（第9版·Java 17）,¥61.40,[美]赫伯特·希尔特(Herbert Schildt)著 殷海英 译, /2023-07-01,《Java官方入门教程（第9版 Java 17）》特色 关键技能与概念 每章开头列出要介绍的技能和概念 专家解答 以问答形式提供附加信息和实用提示 练习 示范如何运用编程技能的紧贴实用的练习 自测题 每章最后有一些测试题，以帮助读者扎实掌握Java技能 语法注释 示例代码中的注释阐述所演示的编程技巧,清华大学出版社
0, Java开发详解（全彩版）,¥59.50,明日科技(Mingri Soft), /2018-07-01,全彩图书，快学、快用、快查，囊括Java程序开发的基础知识和各种开发技术，突破工作中技术难点，实例丰富讲解精炼，进阶提升***宝典！,吉林大学出版社
0, 图解Java开发基础（案例视频版）,¥39.50,,2024-07-01,《图解Java开发基础（案例视频版）》采用了图解式教学，将复杂的概念和技术以简洁明快的插图和图表展现在你眼前。不再用枯燥的文字解释，而是通过生动有趣的图示来让你更直观地理解Java的核心概念，如流程控制语句、常用类库、泛型，等等。从基础概念开始，逐步引导你进入Java的世界，帮助你巩固所学知识，并提供实际应用场景的案例分析。通过阅读本书帮助你快速入门Java开发，并且培养你解决实际问题的能力。无论是想进入编程行业，还是想提升技术能力，本书都适合你学习和参考。,清华大学出版社
0, Java多线程编程核心技术（第3版）,¥93.10,高洪岩, /2021-12-29,1. 畅销书作者撰写，全新升级，新增适用微服务与分布式开发的并发工具与Java线程池 2. 全面剖析多线程编程的核心库、方法、原理，案例式教学，透彻了解高并发本质与应对方法 3. 突破多线程技术，面试、工作得心应手 4. 全新升级章节 第8章，解析并发集合框架，善加利用必能提升开发者的开发效率； 第9章，详解线程池的使用，让线程管理更规范、高效。 5. 重大更新章节 第1章，丰富了JDK中Thread类的API； 第2章，强化了多线程理论基石 栅栏 的解释与代码实现； 第3章，增加了volatile关键字的多种使用技巧，以及基于并发包的线程间通信的深入解读； 第5章，以更简洁的代码优化了定时器案例； 第7章，深度讲解了Java线程状态切换。,机械工业出版社
0, Java核心技术 卷II 高级特性（原书第11版）,¥107.60,（美）凯·S.霍斯特曼（Cay S. Horstmann）著 陈昊鹏译, /2022-05-27,适读人群 ：使用Java技术进行实际项目开发的编程人员 伴随着Java的成长，《Java核心技术》从第1版到第10版一路走来，得到了广大Java程序设计人员的青睐，成为一本畅销不衰的Java经典图书。2019年底，针对Java SE 9、10和11的，《Java核心技术》第11版新鲜出炉，这一版有了大幅的修订和更新，不仅补充了Java新版本的新特性，还对之前比较晦涩的部分做了删改，用更清晰明了的示例加以解释，特别是对内容结构做了调整，从而更有利于读者学习和应用。它将续写从前的辉煌，使人们能及时跟上Java前进的脚步。 本卷主要介绍编程人员进行专业软件开发时需要了解的高级主题。,机械工业出版社
0, Java核心技术 卷I 基础知识 第11版 英文版 上下册,¥102.00,[美]凯·S. 霍斯特曼（Cay S. Horstmann）, /2019-05-01,Java领域颇具影响力和价值的经典著作曾获Jolt生产效率大奖的Java经典图书新版全面体现Java SE 9、Java SE 10和Java SE 11的新变化本书是两卷本中的*卷，书中深入介绍了基本的Java和UI编程，包括对象、泛型、集合、Lambda 表达式、Swing设计、并发和函数式编程。如果你已经是有经验的程序员，只是刚学习Java SE 9、Java SE 10或Java SE 11，应该没有比本书更适合的资料了，它集中了专家见解、解决方案和代码。● 掌握编写优秀Java代码的基础技术、习惯用法和*实践。● 充分利用接口、Lambda表达式和内部类的强大力量。● 通过高效的异常处理和调试让程序更可靠。● 通过泛型编程编写更安全、可复用性更好的代码。● 使用Java的标准集合类改进性能和效率。● 使用Swing工具箱构建跨平台图形界面应用。● 通过Java改进的并发支持充分发挥多核处理器的能力。想深入了解Java SE 9、Java SE,人民邮电出版社
0, Python青少年趣味编程108例（全视频微课版）,¥59.00,方其桂 主编，吴烜、张小龙 副主编, /2024-07-01,"案例丰富多彩a 108个好玩、有趣的项目案例，契合青少年的认知规律,激发学习兴趣。 图文精细标注 使用图片替换了大部分的文字说明，图解思路与步骤，一目了然，简单易懂。 资源配套完备 提供所有案例的素材、源程序、PPT课件，并且录制了视频微课，可扫描二维码下载或在线学习。 专业师资阵容 作者团队包含省级教研人员,有多年教学经验的中小学信息技术教师（正高级教师、特级教师）。",清华大学出版社
0, python编程 从入门到实践 学习手册跟我一起玩python编程从入门到精通快速上手基础及应用当当自营同款程自学教程高,¥32.60,未蓝文化, /2020-08-01,空,中国青年出版社
0, python编程从入门到精通正版c语言编程入门零基础自学python教程从入门到实战编程语言程序基础精通程序计算机编程书,¥19.90,"王博, 编著", /2023-05-01,空,北京时代华文书局
0, Python编程快速上手 让繁琐工作自动化 第2版,¥44.50,阿尔, /2021-03-01,空,人民邮电出版社
0, Python编程快速上手 让繁琐工作自动化 第2版,¥45.50,[美]阿尔?斯维加特（AlSweigart）, /2021-03-01,畅销经典的匠心译著，原版图书美亚评分4.7星，被150 高校选用，高分佳作的全新升级，初版译著豆瓣评分8.9分，扫码看视频，边看边学，扫描书中二维码，观看为本书量身定制的教学视频,人民邮电出版社
0, 程序员数学 用Python学透线性代数和微积分 用Python学数学程序员的数学基础课算法几何学微积,¥101.20,保罗·奥兰德, /2021-12-01,空,人民邮电出版社
0, 数学要素 全彩图解 + 微课 +Python 编程,¥114.20,姜伟生, /2023-05-01,这是一套前所未见的数学书，更是一套具备极高颜值的书。姜伟生博士自谦 小镇做题家 ，实际上他是国际著名金融企业的金融科技专家。很难想象一位以 术数 为业的金融家具备如此彻底的分享动机，同时，姜博士有着卓越的艺术品位和设计能力，不仅承担了这套书的精深内容，更承担了全系图书的整体设计。希望读者从枯燥的常规数学书中解脱出来，赏心悦目地慢慢走入缤纷的数学宇宙。,清华大学出版社
0, Python异步编程,¥31.90,[澳大利亚]凯莱布 哈廷（Caleb Hattingh）, /2023-05-04,一句话推荐 本书介绍了Python异步编程的基础知识，并且教你编写多任务脚本。 编辑推荐 如果你是那些被asyncio异步特性的复杂度所劝退的Python开发者之一的话，那么是时候需要重新审视一下了。异步的复杂性，旨在它需要同时解决框架和终端开发者层面面临的并发网络编程问题。你需要考虑的特性功能只是整个anyncio API很小的一个子集，但是选对正确的功能仍然是一件棘手的事情。这也是我们编写这本实用书的原因。 资深Python开发人员Caleb Hattingh将帮助你更好地理解异步构建领域的基础知识，足以开始编写简单的基于事件的程序。你会了解为什么asyncio提供了比抢占式多任务（线程）更安全的替代方案，以及异步API如何通过简单的方法就可以支持数千个同时套接字连接的。 专家推荐 在开发者的工具箱中，异步编程是其中*强大的工具之一。但是它对于新人来说也,中国电力出版社
0, 完全图解Web技术原理 web编程基础 python web开发 web安全攻防 web安全深度剖析 白帽子讲web安全,¥39.90,西村泰洋, /2024-03-01,本书读者对象为：Web系统开发人员、网页制作人员、网站建设人员、网络管理员、系统安全与维护人员，对Web技术感兴趣的所有人。 本书以图解的形式，对与Web技术相关的方方面面（基础知识、架构、Web网站的创建、Web系统的开发原则、网络安全等）进行了详细解说，是一本能掌握有用知识的专业科普书。 Web技术基础知识 浏览器和Web服务器 Web特有的架构 不断发展的Web网站后台 为Web提供支持的技术 Web相关功能与服务器的创建 Web的普及与发展 不断增加的用户与不断扩大的市场 不同于Web的系统 无须迁移与无法迁移到Web的系统 Web与云计算的关系 理解目前Web系统的底层技术 Web网站的创建 应检查的项目 Web系统的开发原则 能用则用，物尽其用 安全措施 Web特有安全措施与系统通用措施 本书特点 精选主题内容，知识涵盖面广 精选与Web相关的98个主题，并,水利水电出版社
0, Java实战 第2版,¥59.50,[英]拉乌尔?C加布里埃尔·乌尔玛 [意]马里奥·富斯科 [英]艾伦·米克罗夫特, /2019-12-01,现代Java应用充分利用了微服务、反应式架构以及流式数据等创新设计。现代Java特性，譬如Lambda、流以及大家期待已久的Java模块系统让这些设计的实现极其便利。是时候更新技能工具箱了，只有这样，你才能从容应对迎面而来的种种挑战！ 本书通过透彻的示例和通俗的语言讲解了Java语言这些激动人心的特性，作者注重细节，努力降低了学习难度，节省你宝贵的时间。依照本书边学边练，你可以很快掌握流应用程序接口、Java模块系统等现代Java新特性，再进一步去探寻实现并发的新方法，了解函数式编程如何帮你编写可读性好又容易维护的代码。潜心修炼，你的编程实力必能提高到新的层次。 本书特色： ●对上一版（《Java 8实战》）做了全新改版 ●Java 8、9、10及后续版本新特性介绍 ●流数据处理以及反应式编程 ●Java模块系统,人民邮电出版社
0, Java从入门到精通 全新正版java语言程序设计电脑编程基础计算机软件开发教程Java编程入门零基础自学入门计算机书籍,¥29.60,,2023-01-01,空,中国商业出版社
0, Java核心编程从问题分析到代码实现（第3版·上下册）深入理解java核心技术虚拟机 java从入门到精通 java并发,¥99.00,[美]约翰·迪恩（John Dean） [美]雷蒙德·迪恩（Raymond Dean）, /2022-05-01,本书轻松愉快的讲解将带领您进入有趣且令人兴奋的计算机编程世界。从计算机硬件组成到软件开发，从Java的个程序到算法、程序设计和解决问题的方法，本书带你深入探究Java编程是什么、为什么、怎么做。你不需要具备任何Java编程的知识便可轻松学习本书和掌握Java编程的核心思想，大量的实践练习帮你成为一个熟练的Java程序员。 本书特色1：解决问题 本书通过强调算法开发和程序设计两个关键元素讲解程序化地解决问题的方法。 本书特色2：基本原理优先 本书将需要复杂语法的概念延后，为了高效地编写代码，通过程序示例代码追踪与说明来确保彻底理解代码 本书特色2：贴近现实 本书通过上手实践与贴近现实的方式来学习Java编程，因而引入了以下资源：编译工具、完整的程序示例源代码、程序设计中的实践指导、基于行业标准的代码风格指南、用于类关,水利水电出版社
0, Java项目驱动开发教程,¥42.70,迟殿委 刘丽贞 黄甜甜 杨嘉耀, /2023-06-01,《Java项目驱动开发教程》按照Java语言的核心编程知识和企业应用开发需求，将主要内容划分为：Java语言编程基础、Java面向对象程序设计、Java API高级编程三大专题。 Java语言编程基础专题以 面向过程版的商超购物管理系统 作为贯穿项目，包括Java开发入门、Java基本语法、Java程序流程控制和数组4章，用于夯实Java编程语法基础。 Java面向对象程序设计专题以 面向对象版的超市购物系统 为贯穿项目，包括Java类和对象、Java继承和多态、Java抽象类和接口、Java异常处理及Java图形界面编程5章，为面向对象程序设计思想的理解和编程能力的提升奠定基础。 Java API高级编程专题以 端对端聊天系统 为贯穿项目，包括Java集合、Java多线程、Java网络编程、IO流及Java反射机制5章，用于提升读者应用Java API进行软件开发的能力。 配套全书示例源码、PPT课件、教学大纲、课程设计指导,清华大学出版社
0, Java多线程并发体系实战（微课视频版）,¥39.50,刘宁萌, /2023-09-01,本书以JDK 17长期维护版本为示例，详细地介绍了Java多线程并发相关的知识体系，让读者不仅知其然，而且知其所以然。本书对多线程相关的理论分门别论，层层递进的进行详细的叙述和透彻的分析，既体现了各知识点之间的联系，又兼顾了其渐进性。本书在介绍每个知识点时都给出了该知识点的应用场景，同时配合代码演示，让读者更能明白其实现原理、使用方式。,清华大学出版社
0, Java高并发编程详解：多线程与架构设计,¥64.20,汪文君 著, /2018-05-30,★立足于线程源码剖析，从基础入手，逐层渐进深入，环环紧扣，针对技术细节进行了细致归纳，在解读源码的时候又引入了优秀的架构设计。 ★以业务场景下的真实问题作为导向，详细阐述每一个解决方案的来龙去脉，突出 身临其境 的阅读效果。 ★将大量的实际案例、原理剖析和实战代码相结合，让读者能够更加清晰深入地理解每一个技术细节的用法和实用技巧。 ★ 结合业界公认的好的设计架构技巧模式解决实际开发中遇到的问题，站在程序架构设计的角度指导读者设计高效灵活的多线程应用程序。 推荐阅读,机械工业出版社
0, Java从入门到项目实战（全程视频版） java从入门到精通 java语言程序设计 java核心技术 java编程思想,¥24.90,,,空,空
0, Java编程问题,¥117.70,（罗）安赫尔·伦纳德 著, /2024-07-01,JDK8-21版本快速迭代，即使仅关注LTS版，层出不穷的新特性也会令开发人员应接不暇。所以本书并不总是提倡新的解决方案，而是侧重于呈现某个问题的合理解决方案。本书精心挑选250余个Java日常开发中经常需面对的难题，涉及字符串、数字、集合、数据结构、日期和时间、不可变性、类型推断Optional、Java I/O、Java反射、函数式编程、并发和HTTP客户端WebSocket API等内容。书中为这些问题提供了解决思路与方案，这些知识还可帮你更从容面对面试与笔试。,化学工业出版社
0, Java设计模式及实践,¥57.00,卡马尔米特, /2022-12-29,对于开发人员来说，掌握设计模式有助于提高代码质量，促进代码重用，增强架构健壮性。随着编程语言的不断发展，新特性层出不穷，在其被广泛使用前，程序员往往需要花费大量时间去理解和掌握。本书的目的就是降低新技术趋势的接受难度，为程序员提供良好的应用实践。 本书向你展示Java语言中更加智能化的编码实例。书中首先介绍面向对象编程（OOP）和函数式编程（FP）范式，然后描述常用设计模式的经典使用方法，并解释如何利用函数式编程特性改变经典的设计模式。 你将学习混合使用OOP和FP的实现方式，然后学习响应式编程模型——一种为了编写更好的代码而将OOP和FP结合使用的方法。之后，本书将介绍从MVC架构向微服务和无服务器架构转变的发展趋势，*后介绍Java新版本的功能特性及其实践。 通过本书的学习，你可以有效地解决开发应用程序过程中,机械工业出版社
0, 用Python编程和实践！数学教科书 机器学习 chatgpt聊天机器人 深度学习中必要的基础知识 人工智能 数学基础书,¥44.90,[日] 我妻 幸长 著, /2021-06-01,空,水利水电出版社
0, Python玩转数学问题——轻松学习NumPy、SciPy和Matplotlib,¥50.00,张骞, /2022-04-01,Python语言拥有丰富的针对数学的扩展库：NumPy库支持高维度矩阵运算，内含大量针对数组运算的函数。Matplotlib为Python语言提供了绘图扩展；SciPy库支持线性代数、微积分、概率统计等；SymPy库使得Python语言能够支持符号计算。本书从Python的基本用法到数学问题的背景、原理及实际用法等都介绍得简明易懂。在熟悉Python的基本语法结构之后，如果能够熟练掌握这些库的使用方法，则在日后的工作和学习中，完全可以使用Python来处理遇到的数学问题。,清华大学出版社
0," Python数据科学手册 (美)杰克·万托布拉斯(Jake VanderPlas) 著;陶俊杰,陈小莉 译",¥54.50,"(美)杰克·万托布拉斯(Jake VanderPlas) 著;陶俊杰,陈小莉 译", /2018-02-01,Python语言拥有大量可用于存储、操作和洞察数据的程序库，已然成为深受数据科学研究人员推崇的工具。本书以IPython、NumPy、Pandas、Matplotlib和Scikit-Learn这5个能完成数据科学大部分工作的基础工具为主，从实战角度出发，讲授如何清洗和可视化数据、如何用数据建立各种统计学或机器学习模型等常见数据科学任务，旨在让各领域与数据处理相关的工作人员具备发现问题、解决问题的能力。·IPython和Jupyter:为使用Python提供计算环境·NumPy：用ndarray实现高维数组的高效存储与操作·Pandas：用DataFrame实现带标签 列式数据的高效存储与操作·Matplotlib：实现各种数据可视化·Scikit-Learn：用高效整洁的Python实现重要的机器学习算法,人民邮电出版社
0, Python量子计算实践：基于Qiskit和IBM Quantum Experience平台,¥49.90,[美]哈西·诺伦（Hassi Norlén）, /2024-04-01,1.内容汇集作者多年工作经验的结晶，专业可靠，而且紧贴实际应用需求。 2.深入浅出的量子计算入门：从基础概念出发，通过简单的代码示例和直观的解释，帮助读者快速理解量子计算的基本原理。 3.书中避免复杂的理论框架，聚焦实际的编程实践和问题解决，即使没有深厚的物理背景也能轻松入门。 4.全面覆盖Qiskit工具包：深入探讨了Qiskit工具包的各个组成部分，包括Terra、Aer、Ignis和Aqua，并详细讲解了它们的优点和应用场景。读者将能够全面掌握量子程序的开发流程，从编写量子线路到优化量子算法，再到在真实硬件上运行和测试程序。 5.书中还详细介绍了如何使用预封装的量子算法，并通过实现Grover算法等案例，展示了量子算法与传统算法的不同之处，使得读者能够将理论知识应用于实际问题的解决中。,人民邮电出版社
0, 运筹优化常用模型、算法及案例实战——Python+Java实现,¥64.00,刘兴禄、熊望祺、臧永森、段宏达、曾文佳、陈伟坚, /2022-10-01,《运筹优化常用模型、算法及案例实战》主要讲述运筹优化领域常用的数学模型、精确算法以及相应的代码实现。,清华大学出版社
0, Python实现教程——新工科过程计算与优化,¥69.50,方利国、方曦 编著, /2024-05-01,全部案例为作者在实际操作、课程教学、项目研发等过程中的真实知识，读者可以顺着作者的思路，按照书本知识，一步一步进行操作，快速地提高Python软件的操作能力。,化学工业出版社
0, Java EE框架整合开发入门到实战——Spring+Spring MVC+MyBatis（微课版）,¥34.90,陈恒、楼偶俊、张立杰, /2018-08-18,零基础入门，注重实战视频教学，全程语音讲解教学资源丰富,清华大学出版社
0, Python数据分析与挖掘实战（第2版）,¥66.70,张良均 谭立云 刘名军 江建明, /2019-09-01,为了帮助读者更好地使用本书，本书提供配套的原始数据文件、Python程序代码，读者可以从 华章计算机 公众号，回复64002免费获取。为方便教师授课，本书还提供了PPT课件，教师可到网址http://www.tipdm.org/tj/840.jhtml咨询获取。 （1）畅销书全新升级，第1版销售超过10万册，被国内100余所高等院校采用为教材，同时被广大数据科学工作者奉为经典，是该领域公认的事实标准。 （2）作者在大数据挖掘与分析等领域有10余年的工程实践、教学和创办企业的经验，不仅掌握行业的技术和实践方法，而且洞悉学生和老师的需求与痛点。 （3）本书提供丰富的配套资源，含上机环境、Python源代码、案例建模数据、教学PPT。,机械工业出版社
0, Python全栈开发——数据分析,¥39.50,夏正东, /2023-02-01,同时汇集了数据搜集、数据清洗、数据分析和数据可视化的相关技术，并且对数据分析中的每个过程均进行了详尽、深入地讲解，并搭配多个实用性极强的示例代码，生动的阐述了每项技术的核心奥秘。 各章节衔接紧密，且内容精炼不拖沓，读者只需按照作者的编排思路循序渐进的学习，相信可以在较短的时间内轻松掌握数据分析的全过程。,清华大学出版社
0, Java程序设计立体化教程,¥24.70,沈萍, /2022-08-01,空,西安电子科技大学出版社
0, Java Web系统开发与实践,¥16.80,张琪 编, /2020-03-01,空,上海交通大学出版社
0, Java编程入门与项目应用（零基础入门 程序员必看）,¥24.40,黎明，丁洁，张雪英 著； 清泉静读 出品, /2022-06-30,☆Java编程入门宝典，开启你的Java编程之旅。 ☆内容全面，深入讲解基础语法、编程思想、实战应用等Java核心内容。 ☆层层深入，注重实践，带你了解完整项目的开发过程。 ☆图文并茂，大量贴近工作和生活的编程示例，方便易学。 ☆精心设置的板块，为你指出编程重点难点，带你巧避误区，拓展编程知识。 ☆这本书通俗易懂，可读性强，读来定有收获。,原子能出版社
0, Java程序设计案例教程,¥53.70,刘志刚, /2021-06-01,JAVA语言 程序设计 配套课件 配套代码,中国石化出版社有限公司
0, Java研发自测入门与进阶,¥44.90,林宁、魏兆玉, /2024-03-01,（1）本书内容全面，竞争力强，结构清晰。本书以普通应用开发者会涉及的知识点为纲要，深入剖析了这些知识点，全面而透彻。 （3）内容丰富，层层递进，便于理解。系统讲解Java 开发者如何进行开发自测，帮助开发人员通过自己先来保证软件的质量。将测试行为提前到进入测试周期前，可以提高提测的成功率，减少开发任务在测试阶段的停留时间，提高迭代效率。 （4）作者资历深厚，拥有多年的开发经验，本书内容是基于作者在工作中的积累整理而成，实战性强。,人民邮电出版社
0, 玩转Java--手把手教你编写300个精彩案例,¥44.50,李永华、陈宏铭, /2023-09-01,1. 内容全面：系统介绍了Java编程的各类实例，适合读者入门到精通。 2. 实用性强：采用案例来编排内容，读者能够通过实例来掌握编程思想。 3. 资源丰富：配套提供了全书300个例子的源代码，便于动手实践举一反三。,清华大学出版社
0, Java程序设计项目化教程（卢长鹏 ）,¥44.20,卢长鹏 主编 张业男、周敏 副主编, /2024-04-01,空,化学工业出版社
0, Java EE互联网轻量级框架整合开发：SSM+Redis+Spring微服务（上下册）,¥157.20,杨开振, /2021-07-01,◎ 畅销书升级版，涵盖Java EE主流框架技术SSM Redis Spring微服务，快速上手开发 ◎内容全面，以实际应用为导向，取舍明确 ◎尤其对于技术的重点、难点，解释得深入浅出，案例丰富 ◎ 用Spring MVC整合MyBatis框架技术 ◎ 用Spring整合Redis在Java互联网技术上的应用 ◎ 通过对Spring Boot和Spring Cloud的讲解让大家理解Spring微服务开发 ◎ 通过秒杀讲解互联网高并发业务，通过Spring微服务实例串联本书的主要知识点,电子工业出版社
0, Java并发编程的艺术,¥42.60,方腾飞，魏鹏，程晓明 著, /2015-07-01,阿里系和1号店资深技术专家撰写，Java并发编程领域的扛鼎之作，内容在InfoQ等社群得到高度认可 从JDK源码、JVM、CPU等多角度全面剖析和讲解Java并发编程的框架、原理和核心技术 随着大数据时代的来临，程序员可能每天要处理几十个TB的数据，如何让程序快速且安全地处理各种大数据，就需要掌握不同的并发编程模型和并发编程技巧。用户的一个点击，需要在毫秒级处理完多个任务，同样需要并发编程的参与。 并发编程是Java语言的重要特性之一，在Java平台上提供了许多基本的并发功能来辅助开发多线程应用程序。然而，这些相对底层的并发功能与上层应用程序的并发语义之间并不存在一种简单而直观的映射关系。因此，如何在Java并发应用程序中正确且高效地使用这些功能就成了Java开发人员的关注重点。 《Java并发编程的艺术》正是,机械工业出版社
0, Python深度学习第2二版 机器学习自然语言处理python人工智能入门书籍 keras运算kag,¥65.90,弗朗索瓦·肖莱, /2022-08-01,空,人民邮电出版社
0, Python编程从数据分析到机器学习实践（微课视频版）利用python进行数据分析 精益数据分析 深入浅出数据分析 py,¥49.90,刘瑜 著, /2020-02-01,"机器语言众多，为什么学Python? Python是人工智能和机器学习的*编程语言: 1. 拥有众多出色的第三方库，与操作系统完美集成。 2. 提供社区支持，增加了其在数据科学和科学计算中的应用。 3. 是一门理想的集成语言、 胶水 语言,将各种技术绑定在一起。 4. 代码简洁，容易阅读和学习,准入门槛低。 5. 是高级的脚本语言，更适合AI和机器学习。 6. 是功能强大的解释型编程语言，高效率的高层数据结构，能够简单而有效地实现面向对象编程。 7. 良好的可视化选项，提供了一些很好的可视化工具。 8. *重要和*受欢迎的直接原因是，其Numpy和Scipy库能够支持Scikit-Learn这样的项目，这几乎是目前解决机器学习问题所需的标准配置。 《Python编程从数据分析到机器学习实践（微课视频版）》是继《Python编程从零基础到项目实战（微课视频版）》之后的Python编程进阶图书，主要",水利水电出版社
0, Python编程超级魔卡（全彩版）即查即用 快速扫除开发障碍,¥14.90,明日科技(Mingri Soft), /2020-06-01,500余个方法随身查，速查、速用，速记就用编程超级魔卡,吉林大学出版社
0, 编程江湖——Python篇（青少年版）,¥53.70,王爱胜, /2023-09-01,这是一本别出心裁的Python编程书，以武侠故事为主体呈现编程知识，凝聚了特级教师多年一线教学的宝贵经验和数十年编程教育的方法精华，为程序、算法、计算思维赋予了灵魂，对Python编程进行了全新的演绎，新颖、新奇，让读者爱不释手！,清华大学出版社
0, Python Qt GUI与数据可视化编程,¥49.50,王维波 栗宝鹃 张晓东, /2019-09-01,PyQt5是Qt 5 C 类库的Python绑定，使用PyQt5可以在Python 中开发专业的GUI 应用程序。本书介绍PyQt5开发Python GUI应用程序的编程方法，还介绍在GUI 程序中嵌入二维和三维数据可视化功能的编程方法，特别是将Matplotlib 嵌入GUI 界面的面向对象编程方法。 本书包含大量完整示例程序，使学习过程具有可跟随性和可操作性，适合具有Python编程基础，需要使用Python设计GUI应用程序，或在GUI应用程序中嵌入数据可视化功能的读者。 本书主要内容包括： ● 基于PyQt5的GUI应用程序的技术框架和工具软件的使用； ● GUI程序设计中常用界面组件和功能模块的使用； ● 使用PyQtChart、PyQtDataVisualization、Matplotlib在GUI程序中嵌入二维和三维数据可视化功能的编程方法。,人民邮电出版社
0, Python医学数据分析入门 Python语言程序设计及医学应用python3.8医学统计医学数据挖,¥45.90,赵军 刘文婷, /2022-01-01,空,人民邮电出版社
0, pandas数据预处理详解日系图书 python机器学习 chatgpt聊天机器人 深度学习 大数据处理 数据分析 人工,¥64.00,日本Lombard 增田 秀人 著, /2021-11-01,Python是一款非常强大、易学易用的数据处理和数据分析工具，而大量第三方软件库的支持，更是使其成为人工智能时代非常重要的编程工具。pandas就是一款非常重要的基于NumPy的Python数据分析软件库，它提供了大量能快速便捷处理数据的函数和方法，提供了高效操作大型数据集的工具，通过pandas和Python，可以顺利完成数据科学、机器学习或日常工作中的几乎所有数据分析任务。本书就利用pandas，结合简单易懂的示例代码，对机器学习和数据科学领域数据预处理的知识和各种预处理方法进行了透彻、全面的讲解。学完本书，你会发现Python之所以在数据处理和分析领域如此强大，pandas是其重要的影响因素之一。 1.用浅显易懂的语言，全面介绍pandas的使用方法和应用技巧。 2.用简洁清晰的代码，结合日常工作中需要处理数据的实际场景，学习pandas的实际用法，掌握解决实,水利水电出版社
0, Excel+Python轻松掌握数据分析,¥44.90,曹化宇, /2023-12-01,综合性强：本书将数据处理工具、统计学原理及其综合应用技巧进行了巧妙结合，使读者能够在一个统一的框架下掌握多种工具的使用方法，提升数据分析能力。 内容丰富：详尽地比较了Excel、Python以及数据库等三大主流数据分析工具的优势和局限，同时指导读者如何根据具体需求灵活搭配这些工具。 循序渐进：内容解析深入浅出，能够加深读者对每种工具在不同场景下应用的理解，附赠书中涉及到的源代码及图片文件，供读者边学边连。 案例翔实：本书采用了生动的实际案例模拟方法，这些案例贴近职场实际，旨在帮助职场专业人士和自由职业者通过真实的业务场景来深化对数据处理的认识。 使用 本书学习，读者可以更加灵活和高效地掌握数据分析技巧，在提高工作和学习效率的同时增强了自己的数据处理能力。,人民邮电出版社
0, Python数据可视化之Matplotlib与Pyecharts实战,¥70.30,王国平, /2023-10-01,适合新手快速上手：本书首先从认识一个Python程序开始，介绍 Python程序的构成、编程环境搭建与程序编写规范，以及Python 的数据类型、运算符、程序结构与数据结构，然后介绍了数据可 视化的热门工具Matplotlib与Pyecharts，并给出超过30余种常用 见图形的绘制技巧，很适合从未接触过Python编程的读者快速上 手。 可视化流程全解析：本书从数据准备到数据清洗、整理，再到数 据呈现和展示，各部分分别介绍相关概念和工具的使用技巧，并 结合丰富案例进行步骤阐述，可以帮助建立数据可视化整体思路 ，也能够尽快提升基本的实操技能。 工具与项目相结合：书中既介绍了数据可视化常用工具，包括 Pandas、Matplotlib与Pyecharts，又给出了项目案例，可以帮助 读者解决实际工作中遇到的数据可视化问题，提升职场竞争力。 配套资源丰富：本书还提供了源代码、PPT和教学,清华大学出版社
0, Excel+Python：飞速搞定数据分析与处理 xlwings数据处理分析Python编程 Exc,¥45.90,费利克斯·朱姆斯坦, /2022-03-01,空,人民邮电出版社
0, 利用FastAPI构建Python微服务,¥61.90,[美]舍温·约翰·C.特拉古拉 著 王婷 译, /2023-09-20,《利用FastAPI构建Python微服务》将向你详细介绍FastAPI框架及其组件，以及如何联合应用这些组件与一些第三方工具来构建微服务应用程序。读者需要具备一些Python编程背景、API开发原理知识以及对创建企业级微服务应用程序背后原理的理解。这不仅仅是一本参考用书，它还提供一些代码蓝图，在阐释和演示各章主题的同时，还可以帮助开发人员解决实际应用问题。,清华大学出版社
0, Python程序设计,¥28.00,林清滢 朱映辉 陆锡聪 商惠华, /2020-07-01,基于Python*版本，Python 3.6 + PyCharm 2019 + 计算思维,人民邮电出版社
0, Python核心编程(第3版),¥70.10,(美)春|译者:孙波翔//李斌//李晗, /2016-06-01,空,人民邮电
0, 青少年编程魔法课堂 Python零基础入门,¥47.30,无界少年, /2023-06-01,1.从基础知识开始，通过有趣的编程案例，帮助孩子们通过生活中的问题更好地理解 Python 编程的概念和原理。 2.拥有丰富海外STEM课程和编程竞赛教学经验的团队精心编写，内容清晰易懂，配合插图形象生动，适合所有想要学习编程的孩子们。 2.配有大量的竞赛实战习题，有效提高孩子的编程技能，培养逻辑思考能力和创造力，做到夯实基础、学以致用。 3.配套PPT+讲解视频，适合想要学习Python的孩子们阅读，对于想让孩子接受编程教育的家长来说，是一个不错的选择。,人民邮电出版社
0, Python编程入门与算法进阶,¥50.50,中国电子学会, /2022-04-01,空,人民邮电出版社
0, Python编程实战 妙趣横生的项目之旅,¥49.90,[美]李·沃恩（Lee Vaughan）, /2021-07-01,掌握Python基础知识后，你是否面临编程技能无法提升，不知后续学习该如何开展的问题？这本书给你一套解决方案。 1.20余个Python项目编程实战案例 2.兼具Python基础知识学习与创造性编程实践练习 3.多种算法谜题轻松掌握 4.配套代码 学习资源免费下载,人民邮电出版社
0, R与Python的数据分析核心技巧——能源化学数据挖掘及可视化实战,¥44.00,李宇春、李梓昕 编著, /2023-06-01,从数据回归、建模、拟合、预测的角度探讨Python的一体化实战过程遵从 数据信息可视化,化学工业出版社
0, Python机器学习技术：模型关系管理,¥86.10,丁亚军, /2023-02-01,空,电子工业出版社
